,CustomerID,Recence,Frequence,Montant,Cluster_KMeans,Cluster_CAH
0,12346.0,326,1,77183.6,3,4
1,12347.0,2,7,4310.0,0,2
2,12348.0,75,4,1797.24,0,2
3,12349.0,19,1,1757.55,0,2
4,12350.0,310,1,334.4,1,1
5,12352.0,36,8,2506.04,0,2
6,12353.0,204,1,89.0,1,1
7,12354.0,232,1,1079.4,1,1
8,12355.0,214,1,459.4,1,1
9,12356.0,23,3,2811.43,0,2
10,12357.0,33,1,6207.67,0,2
11,12358.0,2,2,1168.06,0,2
12,12359.0,58,4,6372.58,0,2
13,12360.0,52,3,2662.06,0,2
14,12361.0,287,1,189.9,1,1
15,12362.0,3,10,5226.23,0,2
16,12363.0,110,2,552.0,0,2
17,12364.0,8,4,1313.1,0,2
18,12365.0,291,2,641.38,1,1
19,12367.0,4,1,168.9,0,2
20,12370.0,51,4,3545.69,0,2
21,12371.0,45,2,1887.96,0,2
22,12372.0,72,3,1298.04,0,2
23,12373.0,311,1,364.6,1,1
24,12374.0,25,1,742.9300000000001,0,2
25,12375.0,11,2,457.5,0,2
26,12377.0,315,2,1628.12,1,1
27,12378.0,130,1,4008.62,0,2
28,12379.0,82,2,852.24,0,2
29,12380.0,22,4,2724.81,0,2
30,12381.0,5,5,1845.31,0,2
31,12383.0,185,5,1850.56,1,1
32,12384.0,29,2,585.27,0,2
33,12386.0,338,2,401.9,1,1
34,12388.0,16,6,2780.66,0,2
35,12390.0,80,1,549.84,0,2
36,12391.0,22,1,460.89,0,2
37,12393.0,72,4,1582.6000000000001,0,2
38,12394.0,64,2,1272.48,0,2
39,12395.0,19,12,3018.63,0,2
40,12397.0,36,2,2409.9,0,2
41,12398.0,46,1,1635.6599999999999,0,2
42,12399.0,119,4,1108.65,0,2
43,12401.0,303,1,84.3,1,1
44,12402.0,323,1,225.6,1,1
45,12403.0,50,1,427.7,0,2
46,12405.0,149,1,1710.39,1,2
47,12406.0,22,2,3415.3,0,2
48,12407.0,50,5,1708.1200000000001,0,2
49,12408.0,33,5,2888.55,0,2
50,12409.0,79,3,11072.67,0,2
51,12410.0,309,2,693.3299999999999,1,1
52,12412.0,75,3,1226.88,0,2
53,12413.0,67,3,758.1,0,2
54,12414.0,217,3,562.41,1,1
55,12415.0,24,21,124914.53,2,3
56,12417.0,3,9,3649.1,0,2
57,12418.0,113,1,668.58,0,2
58,12420.0,64,1,600.39,0,2
59,12421.0,16,4,807.04,0,2
60,12422.0,96,3,803.5600000000001,0,2
61,12423.0,1,8,1859.31,0,2
62,12424.0,163,2,1760.96,1,2
63,12425.0,78,1,777.2,0,2
64,12426.0,195,1,582.73,1,1
65,12427.0,22,3,825.8,0,2
66,12428.0,26,9,7956.46,0,2
67,12429.0,9,4,3750.4,0,2
68,12430.0,43,1,256.4,0,2
69,12431.0,36,15,6487.45,3,2
70,12432.0,43,5,5059.32,0,2
71,12433.0,1,7,13375.87,0,2
72,12434.0,85,2,806.14,0,2
73,12435.0,80,2,7829.89,0,2
74,12436.0,100,1,509.01,0,2
75,12437.0,2,18,4951.41,3,2
76,12438.0,14,2,2906.85,0,2
77,12441.0,367,1,173.55,1,1
78,12442.0,3,1,172.06,0,2
79,12444.0,21,5,5005.46,0,2
80,12445.0,22,1,133.4,0,2
81,12446.0,58,1,1002.3100000000001,0,2
82,12447.0,243,1,476.49,1,1
83,12448.0,44,1,449.45,0,2
84,12449.0,22,4,4067.29,0,2
85,12450.0,156,2,197.88,1,2
86,12451.0,11,5,9035.52,0,2
87,12452.0,17,2,430.57,0,2
88,12453.0,134,1,707.09,0,2
89,12454.0,56,1,3528.34,0,2
90,12455.0,73,6,2466.86,0,2
91,12456.0,44,3,3181.04,0,2
92,12457.0,66,7,2363.23,0,2
93,12458.0,71,2,947.4,0,2
94,12461.0,94,2,826.88,0,2
95,12462.0,19,2,1189.59,0,2
96,12463.0,53,4,1344.78,0,2
97,12464.0,10,8,1212.05,0,2
98,12465.0,17,2,742.1899999999999,0,2
99,12468.0,188,2,729.5400000000001,1,1
100,12471.0,2,30,19824.05,3,4
101,12472.0,32,7,6572.11,0,2
102,12473.0,29,5,3938.5499999999997,0,2
103,12474.0,17,18,7375.79,3,2
104,12475.0,54,1,723.38,0,2
105,12476.0,16,11,6816.42,0,2
106,12477.0,23,6,13219.74,0,2
107,12478.0,4,1,680.99,0,2
108,12479.0,11,1,527.2,0,2
109,12480.0,28,4,3281.63,0,2
110,12481.0,23,10,5596.32,0,2
111,12483.0,17,8,2484.98,0,2
112,12484.0,33,6,4541.72,0,2
113,12488.0,10,3,1298.66,0,2
114,12489.0,336,1,334.93,1,1
115,12490.0,5,10,5417.93,0,2
116,12491.0,39,1,460.40000000000003,0,2
117,12492.0,63,2,263.21000000000004,0,2
118,12493.0,166,2,433.74,1,1
119,12494.0,16,7,1246.1000000000001,0,2
120,12497.0,82,1,1043.1,0,2
121,12498.0,21,3,403.70000000000005,0,2
122,12500.0,23,11,4257.82,0,2
123,12501.0,337,1,2169.39,1,1
124,12502.0,96,5,3723.87,0,2
125,12504.0,18,2,482.04999999999995,0,2
126,12506.0,233,1,73.5,1,1
127,12507.0,134,3,1304.81,0,2
128,12508.0,26,2,398.27,0,2
129,12509.0,284,1,176.5,1,1
130,12510.0,143,2,982.5699999999999,0,2
131,12512.0,66,2,138.03,0,2
132,12513.0,113,1,612.29,0,2
133,12514.0,267,1,1017.68,1,1
134,12515.0,353,1,383.7,1,1
135,12516.0,78,2,1312.06,0,2
136,12517.0,28,5,2502.84,0,2
137,12518.0,1,5,2056.89,0,2
138,12519.0,64,1,340.84,0,2
139,12520.0,79,5,2634.26,0,2
140,12521.0,143,1,599.68,1,2
141,12522.0,39,2,192.72,0,2
142,12523.0,19,11,1789.77,0,2
143,12524.0,9,8,4485.72,0,2
144,12526.0,1,3,1316.66,0,2
145,12527.0,82,3,348.71000000000004,0,2
146,12528.0,9,6,1933.48,0,2
147,12530.0,60,4,1662.28,0,2
148,12531.0,15,1,125.22,0,2
149,12532.0,30,1,349.83000000000004,0,2
150,12534.0,131,1,1089.18,0,2
151,12535.0,92,2,716.35,0,2
152,12536.0,43,3,12601.830000000002,0,2
153,12538.0,29,1,363.95,0,2
154,12539.0,22,4,5568.35,0,2
155,12540.0,20,17,13400.24,3,2
156,12541.0,30,3,981.18,0,2
157,12544.0,36,1,372.7,0,2
158,12545.0,75,2,1000.39,0,2
159,12546.0,47,2,1161.5,0,2
160,12547.0,198,2,207.79999999999998,1,1
161,12548.0,166,1,95.19999999999999,1,2
162,12550.0,79,1,964.83,0,2
163,12551.0,358,1,168.0,1,1
164,12552.0,39,2,437.82,0,2
165,12553.0,8,10,3692.28,0,2
166,12556.0,50,2,603.71,0,2
167,12557.0,16,5,11990.960000000001,0,2
168,12558.0,8,1,269.96,0,2
169,12559.0,311,2,561.71,1,1
170,12560.0,5,3,2134.01,0,2
171,12561.0,303,1,238.85,1,1
172,12562.0,8,7,3781.7400000000002,0,2
173,12564.0,261,1,456.9,1,1
174,12565.0,289,1,145.92,1,1
175,12566.0,86,1,351.65,0,2
176,12567.0,23,10,9401.28,0,2
177,12569.0,2,32,4124.69,3,2
178,12571.0,40,2,519.61,0,2
179,12572.0,9,2,1020.42,0,2
180,12573.0,227,1,160.54000000000002,1,1
181,12574.0,316,1,218.45,1,1
182,12576.0,36,5,1315.83,0,2
183,12577.0,35,3,657.8,0,2
184,12578.0,21,2,2794.51,0,2
185,12579.0,78,1,440.42,0,2
186,12580.0,247,1,415.7,1,1
187,12581.0,40,1,197.71,0,2
188,12582.0,239,2,511.36,1,1
189,12583.0,3,15,7281.38,3,2
190,12584.0,4,9,2338.15,0,2
191,12585.0,234,2,2040.1,1,1
192,12586.0,17,1,196.94000000000003,0,2
193,12587.0,8,1,144.0,0,2
194,12588.0,39,1,214.89999999999998,0,2
195,12589.0,29,2,646.68,0,2
196,12590.0,211,2,9864.26,1,1
197,12591.0,317,1,452.84999999999997,1,1
198,12592.0,92,2,437.6,0,2
199,12593.0,109,3,418.09999999999997,0,2
200,12594.0,38,10,3338.2200000000003,0,2
201,12596.0,51,2,618.27,0,2
202,12597.0,19,4,3811.22,0,2
203,12598.0,10,8,3023.08,0,2
204,12599.0,29,7,1032.58,0,2
205,12600.0,29,10,2599.04,0,2
206,12601.0,190,5,577.0600000000001,1,1
207,12602.0,59,1,153.12,0,2
208,12603.0,22,1,739.1999999999999,0,2
209,12604.0,79,2,254.18,0,2
210,12607.0,60,1,1579.51,0,2
211,12609.0,78,3,1126.85,0,2
212,12610.0,23,5,2099.54,0,2
213,12611.0,52,1,1193.32,0,2
214,12612.0,74,1,704.0400000000001,0,2
215,12613.0,57,5,3344.38,0,2
216,12614.0,278,1,315.6,1,1
217,12615.0,2,4,2291.19,0,2
218,12616.0,95,2,713.3,0,2
219,12617.0,29,1,355.53,0,2
220,12618.0,22,1,177.31,0,2
221,12619.0,16,9,3641.24,0,2
222,12620.0,15,3,1339.41,0,2
223,12621.0,2,20,13689.67,3,2
224,12622.0,232,1,180.1,1,1
225,12623.0,276,1,305.1,1,1
226,12624.0,106,2,641.13,0,2
227,12625.0,212,2,2683.82,1,1
228,12626.0,23,9,6620.48,0,2
229,12627.0,11,7,4478.53,0,2
230,12628.0,4,3,786.46,0,2
231,12630.0,10,2,1270.88,0,2
232,12631.0,57,1,640.5,0,2
233,12633.0,59,4,2163.98,0,2
234,12635.0,90,2,1689.18,0,2
235,12637.0,67,8,6021.9,0,2
236,12638.0,33,1,671.69,0,2
237,12639.0,239,1,486.1,1,1
238,12640.0,24,3,1174.58,0,2
239,12641.0,115,1,185.9,0,2
240,12642.0,25,3,1013.26,0,2
241,12643.0,128,6,3344.64,0,2
242,12644.0,130,1,477.91,0,2
243,12645.0,34,4,1775.18,0,2
244,12646.0,5,2,1346.97,0,2
245,12647.0,22,12,3722.82,0,2
246,12648.0,155,1,318.05,1,2
247,12649.0,107,3,623.51,0,2
248,12650.0,3,1,314.44,0,2
249,12651.0,335,1,114.0,1,1
250,12652.0,331,1,919.98,1,1
251,12653.0,149,2,2209.85,1,2
252,12654.0,11,5,601.98,0,2
253,12656.0,17,5,4051.17,0,2
254,12657.0,11,4,1643.18,0,2
255,12658.0,19,1,686.05,0,2
256,12659.0,30,1,91.68,0,2
257,12660.0,11,1,245.1,0,2
258,12662.0,1,11,3849.78,0,2
259,12664.0,8,9,4881.88,0,2
260,12665.0,325,1,63.0,1,1
261,12667.0,58,1,620.13,0,2
262,12668.0,12,4,3807.15,0,2
263,12669.0,151,3,2744.0299999999997,1,2
264,12670.0,10,5,2996.05,0,2
265,12672.0,330,1,225.89999999999998,1,1
266,12673.0,5,2,610.52,0,2
267,12674.0,39,4,1970.6,0,2
268,12676.0,25,6,1331.39,0,2
269,12678.0,42,12,17628.46,3,2
270,12679.0,59,4,1113.02,0,2
271,12680.0,1,4,862.81,0,2
272,12681.0,15,22,13787.54,3,2
273,12682.0,4,31,12288.22,3,4
274,12683.0,4,15,8476.57,3,2
275,12684.0,8,7,2283.63,0,2
276,12685.0,28,6,2863.08,0,2
277,12686.0,372,1,89.14,1,1
278,12688.0,114,1,4873.8099999999995,0,2
279,12689.0,26,2,1247.61,0,2
280,12690.0,206,1,389.01,1,1
281,12691.0,28,6,1035.8,0,2
282,12693.0,127,4,855.91,0,2
283,12694.0,70,2,869.67,0,2
284,12695.0,7,4,582.1,0,2
285,12697.0,29,3,957.59,0,2
286,12700.0,8,4,4939.99,0,2
287,12701.0,80,2,797.71,0,2
288,12702.0,20,1,219.0,0,2
289,12703.0,71,1,283.55,0,2
290,12704.0,7,8,2340.84,0,2
291,12705.0,15,9,6868.29,0,2
292,12707.0,292,1,603.42,1,1
293,12708.0,30,10,2712.91,0,2
294,12709.0,15,15,9736.52,3,2
295,12710.0,97,3,1149.02,0,2
296,12712.0,29,13,4396.13,0,2
297,12713.0,1,1,848.55,0,2
298,12714.0,9,5,4708.86,0,2
299,12715.0,106,1,353.86,0,2
300,12716.0,4,2,1053.49,0,2
301,12717.0,151,2,1030.98,1,2
302,12718.0,71,1,238.25,0,2
303,12719.0,5,2,644.95,0,2
304,12720.0,3,25,5781.73,3,2
305,12721.0,32,6,2656.13,0,2
306,12722.0,85,4,997.63,0,2
307,12723.0,4,5,725.07,0,2
308,12724.0,5,4,1031.41,0,2
309,12725.0,371,1,427.8,1,1
310,12726.0,28,7,2609.1,0,2
311,12727.0,11,7,3980.7,0,2
312,12728.0,71,4,836.33,0,2
313,12729.0,114,1,453.01,0,2
314,12731.0,24,12,18895.91,3,2
315,12732.0,180,1,236.26000000000002,1,1
316,12733.0,234,1,383.95,1,1
317,12734.0,353,1,110.39999999999999,1,1
318,12735.0,315,2,779.5699999999999,1,1
319,12736.0,333,1,234.0,1,1
320,12738.0,372,1,155.35,1,1
321,12739.0,78,2,1013.04,0,2
322,12740.0,64,1,427.6,0,2
323,12743.0,134,2,546.43,0,2
324,12744.0,52,7,21279.29,3,2
325,12747.0,2,11,4196.01,0,2
326,12748.0,1,209,33719.73,2,4
327,12749.0,4,5,4090.88,0,2
328,12750.0,129,1,275.88,0,2
329,12752.0,81,1,4366.78,0,2
330,12753.0,23,6,21429.39,0,2
331,12754.0,236,3,3010.74,1,1
332,12755.0,281,2,3811.95,1,1
333,12756.0,87,1,112.07999999999998,0,2
334,12757.0,16,13,7857.1,3,2
335,12758.0,117,2,2791.59,0,2
336,12759.0,52,3,1531.44,0,2
337,12762.0,8,2,1898.52,0,2
338,12763.0,138,2,494.08,0,2
339,12764.0,317,1,1693.88,1,1
340,12766.0,4,7,6989.63,0,2
341,12769.0,239,1,1143.6,1,1
342,12770.0,211,1,1351.45,1,1
343,12772.0,60,1,892.47,0,2
344,12775.0,17,5,1386.04,0,2
345,12778.0,20,6,822.23,0,2
346,12779.0,38,8,3981.36,0,2
347,12781.0,64,2,826.74,0,2
348,12782.0,5,5,2330.92,0,2
349,12783.0,2,6,2225.91,0,2
350,12784.0,9,2,574.42,0,2
351,12785.0,364,1,311.95,1,1
352,12787.0,10,3,463.66,0,2
353,12789.0,65,1,91.85,0,2
354,12790.0,192,1,324.92,1,1
355,12791.0,374,1,192.60000000000002,1,1
356,12792.0,257,1,400.53999999999996,1,1
357,12793.0,335,2,545.48,1,1
358,12794.0,53,2,860.41,0,2
359,12795.0,19,1,430.48,0,2
360,12797.0,366,1,254.03,1,1
361,12798.0,10,3,6977.04,0,2
362,12802.0,187,1,427.58,1,1
363,12808.0,37,3,483.65000000000003,0,2
364,12809.0,178,1,489.31,1,1
365,12811.0,261,3,514.85,1,1
366,12812.0,45,1,229.64000000000001,0,2
367,12814.0,102,1,125.92,0,2
368,12815.0,148,2,1063.46,1,2
369,12816.0,96,2,572.2,0,2
370,12817.0,281,1,166.04,1,1
371,12818.0,262,1,1542.08,1,1
372,12820.0,3,4,942.34,0,2
373,12821.0,214,1,92.72,1,1
374,12822.0,71,2,948.88,0,2
375,12823.0,75,5,1759.5,0,2
376,12824.0,60,1,397.12,0,2
377,12826.0,3,7,1474.72,0,2
378,12827.0,6,3,430.15000000000003,0,2
379,12828.0,3,6,1018.71,0,2
380,12829.0,337,2,293.0,1,1
381,12830.0,38,6,6814.64,0,2
382,12831.0,262,1,215.05,1,1
383,12832.0,32,2,383.03,0,2
384,12833.0,145,1,417.38,1,2
385,12834.0,283,1,312.38,1,1
386,12836.0,59,4,2612.86,0,2
387,12837.0,173,1,134.1,1,1
388,12838.0,34,2,683.13,0,2
389,12839.0,3,14,5591.42,3,2
390,12840.0,144,4,2726.77,0,2
391,12841.0,5,25,4022.35,3,2
392,12842.0,70,2,1118.99,0,2
393,12843.0,66,8,1702.26,0,2
394,12844.0,29,2,325.96000000000004,0,2
395,12845.0,267,4,354.09,1,1
396,12847.0,22,1,871.54,0,2
397,12849.0,31,2,1050.8899999999999,0,2
398,12851.0,97,1,135.18,0,2
399,12852.0,295,1,311.55,1,1
400,12853.0,135,6,1957.1000000000001,0,2
401,12854.0,79,3,1324.5,0,2
402,12855.0,373,1,38.1,1,1
403,12856.0,8,6,2179.93,0,2
404,12857.0,211,2,1106.4,1,1
405,12863.0,52,1,521.2,0,2
406,12864.0,138,1,147.12,0,2
407,12865.0,26,2,1568.23,0,2
408,12866.0,283,1,559.12,1,1
409,12867.0,26,7,4036.82,0,2
410,12868.0,186,6,1607.0600000000002,1,1
411,12871.0,84,2,380.64,0,2
412,12872.0,327,2,599.97,1,1
413,12873.0,282,1,374.0,1,1
414,12875.0,143,2,343.2300000000001,0,2
415,12876.0,58,2,2218.02,0,2
416,12877.0,4,12,1535.77,0,2
417,12878.0,236,2,854.99,1,1
418,12879.0,45,3,573.22,0,2
419,12881.0,276,1,298.0,1,1
420,12882.0,9,2,1463.04,0,2
421,12883.0,25,4,703.47,0,2
422,12884.0,88,1,309.05,0,2
423,12885.0,63,3,1175.22,0,2
424,12886.0,68,2,1378.4,0,2
425,12888.0,214,2,354.12,1,1
426,12890.0,24,1,380.46999999999997,0,2
427,12891.0,186,3,331.0,1,1
428,12893.0,31,1,188.14,0,2
429,12895.0,42,2,372.8,0,2
430,12897.0,205,2,216.5,1,1
431,12901.0,9,28,17654.54,3,4
432,12902.0,265,1,138.68,1,1
433,12904.0,18,2,509.58,0,2
434,12906.0,12,5,2919.81,0,2
435,12908.0,176,2,750.0,1,1
436,12909.0,40,5,2178.67,0,2
437,12910.0,23,8,3075.04,0,2
438,12912.0,3,5,1662.3,0,2
439,12913.0,5,5,2483.63,0,2
440,12915.0,149,2,363.65,1,2
441,12916.0,139,4,3006.15,0,2
442,12917.0,128,1,594.0,0,2
443,12919.0,8,6,1335.19,0,2
444,12920.0,17,1,164.23,0,2
445,12921.0,9,37,16587.09,3,4
446,12922.0,161,1,405.38,1,2
447,12923.0,64,1,176.97,0,2
448,12924.0,88,4,933.7,0,2
449,12925.0,5,2,694.05,0,2
450,12928.0,35,5,2062.7000000000003,0,2
451,12929.0,312,1,117.85,1,1
452,12930.0,78,2,415.8,0,2
453,12931.0,22,15,42055.96,3,4
454,12933.0,24,3,607.53,0,2
455,12935.0,2,7,2160.7,0,2
456,12936.0,17,4,1063.9,0,2
457,12937.0,15,4,1504.27,0,2
458,12938.0,26,1,114.14,0,2
459,12939.0,64,8,11581.8,0,2
460,12940.0,55,2,913.54,0,2
461,12942.0,131,3,683.9,0,2
462,12944.0,36,2,604.51,0,2
463,12945.0,288,1,462.95,1,1
464,12947.0,144,6,1603.99,0,2
465,12948.0,16,7,2064.95,0,2
466,12949.0,31,8,4167.22,0,2
467,12950.0,2,3,1843.0,0,2
468,12951.0,9,6,1064.07,0,2
469,12952.0,6,4,1387.79,0,2
470,12953.0,10,1,329.85,0,2
471,12955.0,1,11,4757.16,0,2
472,12956.0,306,1,108.07,1,1
473,12957.0,10,8,4017.54,0,2
474,12962.0,7,2,266.39,0,2
475,12963.0,8,8,1856.63,0,2
476,12965.0,89,1,771.91,0,2
477,12966.0,10,1,160.18,0,2
478,12967.0,358,2,1660.9,1,1
479,12968.0,112,1,135.95,0,2
480,12970.0,7,4,452.24,0,2
481,12971.0,4,86,11189.91,3,4
482,12974.0,198,1,144.8,1,1
483,12976.0,212,1,738.6,1,1
484,12977.0,156,1,39.239999999999995,1,2
485,12980.0,158,9,7374.900000000001,0,2
486,12981.0,30,2,372.21999999999997,0,2
487,12982.0,243,1,390.54,1,1
488,12984.0,19,1,97.5,0,2
489,12985.0,1,2,1239.38,0,2
490,12987.0,74,2,558.7,0,2
491,12988.0,292,1,535.32,1,1
492,12989.0,3,15,6924.110000000001,3,2
493,12990.0,31,3,409.5,0,2
494,12991.0,23,2,503.76,0,2
495,12993.0,23,4,414.76,0,2
496,12994.0,4,3,974.4200000000001,0,2
497,12995.0,85,1,211.32,0,2
498,12997.0,22,4,1226.89,0,2
499,12999.0,196,3,455.88,1,1
500,13000.0,107,3,534.85,0,2
501,13001.0,4,13,9818.82,3,2
502,13002.0,318,1,120.94999999999999,1,1
503,13003.0,106,3,149.05,0,2
504,13004.0,12,18,5655.91,3,2
505,13005.0,174,2,513.7,1,1
506,13006.0,56,1,81.57,0,2
507,13008.0,323,1,229.46999999999997,1,1
508,13011.0,372,1,50.550000000000004,1,1
509,13012.0,9,8,1661.8400000000001,0,2
510,13013.0,1,13,4810.9400000000005,0,2
511,13014.0,11,10,3466.2799999999997,0,2
512,13015.0,53,5,3346.28,0,2
513,13016.0,73,3,789.89,0,2
514,13017.0,7,1,204.0,0,2
515,13018.0,16,28,7277.7,3,2
516,13021.0,4,9,2616.38,0,2
517,13023.0,64,2,689.9,0,2
518,13026.0,1,5,975.36,0,2
519,13027.0,114,6,6912.0,0,2
520,13028.0,23,2,661.3199999999999,0,2
521,13029.0,31,3,1247.5,0,2
522,13030.0,11,2,799.48,0,2
523,13032.0,52,2,1010.18,0,2
524,13033.0,357,1,190.55,1,1
525,13034.0,55,2,642.77,0,2
526,13035.0,74,2,921.88,0,2
527,13037.0,138,3,881.07,0,2
528,13038.0,80,3,908.46,0,2
529,13040.0,9,2,676.99,0,2
530,13043.0,273,1,516.42,1,1
531,13044.0,291,1,560.47,1,1
532,13045.0,99,1,305.28000000000003,0,2
533,13046.0,31,2,629.31,0,2
534,13047.0,32,10,3237.54,0,2
535,13048.0,14,4,1835.91,0,2
536,13049.0,64,2,656.6800000000001,0,2
537,13050.0,15,17,5836.86,3,2
538,13052.0,212,1,348.15000000000003,1,1
539,13055.0,78,3,1214.41,0,2
540,13058.0,25,3,271.40000000000003,0,2
541,13059.0,250,1,183.4,1,1
542,13060.0,254,1,307.53,1,1
543,13061.0,72,1,248.61,0,2
544,13062.0,191,1,346.98,1,1
545,13064.0,13,4,1119.49,0,2
546,13065.0,373,1,205.86,1,1
547,13066.0,24,2,470.8,0,2
548,13067.0,82,1,115.46000000000001,0,2
549,13068.0,10,2,344.0,0,2
550,13069.0,1,24,4436.12,3,2
551,13070.0,192,1,228.8,1,1
552,13072.0,267,1,177.15,1,1
553,13075.0,130,1,919.61,0,2
554,13077.0,1,4,729.27,0,2
555,13078.0,3,26,12627.94,3,2
556,13079.0,4,5,220.10000000000002,0,2
557,13080.0,179,1,58.08,1,1
558,13081.0,12,11,28337.38,3,4
559,13082.0,126,9,3613.63,0,2
560,13083.0,4,2,303.75,0,2
561,13085.0,158,2,416.08000000000004,1,2
562,13089.0,3,97,58825.83,2,4
563,13090.0,9,14,8910.82,3,2
564,13091.0,28,1,345.82,0,2
565,13092.0,71,5,477.83,0,2
566,13093.0,276,8,7832.47,1,1
567,13094.0,21,12,1927.3200000000002,0,2
568,13095.0,71,1,74.39999999999999,0,2
569,13097.0,33,10,6010.42,0,2
570,13098.0,1,28,28882.44,3,4
571,13099.0,99,1,207.35999999999999,0,2
572,13101.0,234,1,101.19,1,1
573,13102.0,1,24,6424.09,3,2
574,13103.0,40,1,243.94,0,2
575,13104.0,3,6,1098.48,0,2
576,13106.0,133,1,76.5,0,2
577,13107.0,44,4,1531.6200000000001,0,2
578,13108.0,373,1,350.06,1,1
579,13109.0,60,2,786.54,0,2
580,13110.0,31,7,1488.67,0,2
581,13113.0,1,24,12245.960000000001,3,2
582,13115.0,12,4,2294.78,0,2
583,13116.0,138,1,501.14,0,2
584,13117.0,22,8,984.91,0,2
585,13118.0,20,5,1197.81,0,2
586,13120.0,239,1,30.599999999999998,1,1
587,13121.0,269,1,283.73,1,1
588,13122.0,94,2,922.39,0,2
589,13124.0,90,3,3866.33,0,2
590,13126.0,5,8,2099.64,0,2
591,13127.0,78,1,259.17,0,2
592,13130.0,94,1,64.0,0,2
593,13131.0,23,3,1073.3,0,2
594,13132.0,262,1,77.3,1,1
595,13133.0,274,2,109.8,1,1
596,13134.0,86,4,1793.58,0,2
597,13135.0,197,1,3096.0,1,1
598,13136.0,56,5,2607.61,0,2
599,13137.0,11,8,3650.41,0,2
600,13138.0,22,6,962.39,0,2
601,13139.0,16,7,5064.94,0,2
602,13140.0,108,3,423.72,0,2
603,13141.0,85,5,2388.75,0,2
604,13142.0,19,1,307.09,0,2
605,13144.0,333,1,110.95,1,1
606,13145.0,40,4,618.52,0,2
607,13146.0,26,1,228.91,0,2
608,13147.0,10,4,712.8000000000001,0,2
609,13148.0,29,12,3707.12,0,2
610,13149.0,14,4,1676.06,0,2
611,13151.0,296,1,1257.8700000000001,1,1
612,13153.0,6,1,486.22,0,2
613,13155.0,33,4,971.76,0,2
614,13157.0,49,4,1741.22,0,2
615,13158.0,95,4,1201.06,0,2
616,13159.0,9,4,1437.85,0,2
617,13160.0,22,1,91.8,0,2
618,13161.0,313,1,112.75,1,1
619,13162.0,122,4,1688.29,0,2
620,13165.0,46,2,1021.48,0,2
621,13166.0,283,1,417.2,1,1
622,13167.0,19,4,791.33,0,2
623,13168.0,36,4,1319.19,0,2
624,13169.0,64,2,712.88,0,2
625,13170.0,27,1,116.00999999999999,0,2
626,13171.0,22,3,468.41,0,2
627,13173.0,4,2,353.65,0,2
628,13174.0,16,3,2817.03,0,2
629,13176.0,46,1,492.84,0,2
630,13177.0,65,1,282.45,0,2
631,13178.0,26,11,5725.47,0,2
632,13182.0,45,1,121.18,0,2
633,13183.0,8,9,3957.78,0,2
634,13184.0,15,10,1701.29,0,2
635,13185.0,268,1,71.4,1,1
636,13186.0,40,3,1575.89,0,2
637,13187.0,337,1,236.02,1,1
638,13188.0,11,1,114.60000000000001,0,2
639,13189.0,19,2,260.68,0,2
640,13192.0,95,2,911.94,0,2
641,13193.0,61,1,117.88,0,2
642,13194.0,136,1,60.7,0,2
643,13196.0,11,4,1797.78,0,2
644,13198.0,10,6,3401.2400000000002,0,2
645,13199.0,4,38,9817.12,3,4
646,13200.0,19,4,870.09,0,2
647,13203.0,10,4,869.46,0,2
648,13207.0,15,2,250.26000000000002,0,2
649,13208.0,59,6,1223.9,0,2
650,13209.0,30,8,5891.61,0,2
651,13210.0,94,1,353.48,0,2
652,13211.0,10,3,1197.42,0,2
653,13212.0,20,3,788.08,0,2
654,13213.0,57,5,1520.58,0,2
655,13216.0,268,1,333.74,1,1
656,13217.0,122,3,533.98,0,2
657,13218.0,127,1,62.63999999999999,0,2
658,13220.0,78,4,819.2900000000001,0,2
659,13221.0,240,2,847.41,1,1
660,13223.0,200,2,163.20000000000002,1,1
661,13224.0,60,2,2155.95,0,2
662,13225.0,3,7,6463.84,0,2
663,13226.0,273,1,108.21000000000001,1,1
664,13227.0,202,1,257.7,1,1
665,13228.0,81,1,358.0,0,2
666,13229.0,226,1,160.95,1,1
667,13230.0,4,14,2806.97,0,2
668,13232.0,13,7,1357.6,0,2
669,13233.0,74,2,605.12,0,2
670,13235.0,212,1,1031.07,1,1
671,13236.0,25,2,744.85,0,2
672,13238.0,17,4,700.73,0,2
673,13239.0,262,1,329.56,1,1
674,13240.0,96,4,663.65,0,2
675,13242.0,112,3,270.40000000000003,0,2
676,13243.0,203,1,600.07,1,1
677,13244.0,93,1,121.74000000000001,0,2
678,13245.0,51,1,430.5,0,2
679,13246.0,18,6,1987.3,0,2
680,13247.0,18,4,501.12,0,2
681,13248.0,125,2,465.68,0,2
682,13249.0,92,3,711.41,0,2
683,13253.0,157,2,1030.4,1,2
684,13255.0,9,2,399.51,0,2
685,13258.0,12,3,698.58,0,2
686,13259.0,62,1,292.32,0,2
687,13260.0,61,1,557.62,0,2
688,13261.0,269,2,944.1,1,1
689,13262.0,263,1,200.29,1,1
690,13263.0,1,35,7454.07,3,4
691,13265.0,53,5,2107.66,0,2
692,13266.0,11,12,3834.2599999999998,0,2
693,13267.0,3,19,4521.49,3,2
694,13268.0,18,11,3214.69,0,2
695,13269.0,1,15,5346.2300000000005,3,2
696,13270.0,366,1,590.0,1,1
697,13271.0,37,1,217.38,0,2
698,13272.0,31,2,276.56,0,2
699,13273.0,113,1,138.98,0,2
700,13276.0,64,2,590.9300000000001,0,2
701,13277.0,16,4,258.4,0,2
702,13278.0,41,1,542.73,0,2
703,13279.0,78,1,137.75,0,2
704,13280.0,122,3,814.86,0,2
705,13282.0,18,3,1132.14,0,2
706,13283.0,60,2,93.66,0,2
707,13284.0,331,1,201.19,1,1
708,13285.0,23,4,2709.12,0,2
709,13291.0,156,1,361.11,1,2
710,13292.0,39,2,578.9399999999999,0,2
711,13294.0,190,2,873.74,1,1
712,13295.0,360,1,201.20000000000002,1,1
713,13296.0,137,1,87.4,0,2
714,13297.0,8,4,2089.85,0,2
715,13298.0,1,1,360.0,0,2
716,13299.0,268,1,142.5,1,1
717,13300.0,169,1,371.89,1,1
718,13301.0,104,4,618.09,0,2
719,13302.0,155,1,63.75,1,2
720,13304.0,351,1,300.42,1,1
721,13305.0,4,10,2000.86,0,2
722,13307.0,120,1,15.0,0,2
723,13308.0,23,3,1385.51,0,2
724,13309.0,7,5,1456.79,0,2
725,13310.0,28,3,1132.03,0,2
726,13311.0,4,2,598.57,0,2
727,13313.0,22,5,1555.32,0,2
728,13314.0,2,3,775.94,0,2
729,13316.0,37,4,5977.7300000000005,0,2
730,13317.0,66,6,2273.68,0,2
731,13318.0,1,3,640.76,0,2
732,13319.0,5,26,10845.550000000001,3,2
733,13320.0,78,4,1548.7,0,2
734,13321.0,72,2,567.36,0,2
735,13322.0,17,1,199.48000000000002,0,2
736,13323.0,3,5,787.85,0,2
737,13324.0,36,10,7121.95,0,2
738,13325.0,82,1,675.3,0,2
739,13327.0,39,8,3627.77,0,2
740,13328.0,316,1,1308.48,1,1
741,13329.0,32,2,789.0,0,2
742,13330.0,93,3,1140.93,0,2
743,13332.0,14,1,350.9,0,2
744,13334.0,82,3,3536.82,0,2
745,13336.0,77,1,795.12,0,2
746,13338.0,158,1,487.02,1,2
747,13339.0,201,1,860.12,1,1
748,13340.0,45,7,10736.48,0,2
749,13341.0,261,1,775.85,1,1
750,13343.0,178,1,353.43,1,1
751,13344.0,68,3,2543.72,0,2
752,13345.0,288,1,389.5,1,1
753,13347.0,70,1,341.36,0,2
754,13348.0,64,1,233.76,0,2
755,13349.0,11,1,247.32,0,2
756,13350.0,16,2,979.12,0,2
757,13351.0,66,1,373.94,0,2
758,13352.0,60,1,397.97999999999996,0,2
759,13354.0,71,1,743.53,0,2
760,13355.0,122,1,674.7,0,2
761,13356.0,80,1,768.24,0,2
762,13357.0,257,1,609.95,1,1
763,13358.0,269,1,439.03,1,1
764,13359.0,64,1,439.56,0,2
765,13362.0,9,4,3090.7400000000002,0,2
766,13363.0,18,2,992.5,0,2
767,13364.0,71,1,134.95999999999998,0,2
768,13365.0,34,2,2225.37,0,2
769,13366.0,50,1,56.160000000000004,0,2
770,13368.0,257,2,623.4,1,1
771,13369.0,366,1,308.28000000000003,1,1
772,13370.0,372,1,754.87,1,1
773,13372.0,90,1,378.64,0,2
774,13373.0,61,3,3312.25,0,2
775,13375.0,89,1,778.65,0,2
776,13376.0,99,3,1019.76,0,2
777,13379.0,26,3,572.56,0,2
778,13381.0,32,6,3639.31,0,2
779,13382.0,281,1,222.99,1,1
780,13384.0,31,7,4151.93,0,2
781,13385.0,330,1,534.57,1,1
782,13388.0,131,2,677.1,0,2
783,13389.0,11,3,797.96,0,2
784,13390.0,75,1,544.08,0,2
785,13391.0,204,1,59.8,1,1
786,13394.0,2,8,2520.02,0,2
787,13395.0,185,1,307.72,1,1
788,13396.0,29,2,1360.99,0,2
789,13397.0,73,5,1544.13,0,2
790,13398.0,192,1,457.34,1,1
791,13402.0,127,2,621.23,0,2
792,13403.0,18,1,75.0,0,2
793,13404.0,1,2,252.49,0,2
794,13405.0,74,3,572.451,0,2
795,13408.0,2,62,28117.04,3,4
796,13410.0,24,5,1003.06,0,2
797,13411.0,107,1,213.55,0,2
798,13414.0,134,3,1390.5,0,2
799,13416.0,44,2,712.5,0,2
800,13417.0,5,2,640.83,0,2
801,13418.0,12,18,6127.43,3,2
802,13419.0,64,1,221.06,0,2
803,13420.0,150,2,159.85,1,2
804,13421.0,40,2,1851.08,0,2
805,13422.0,64,1,2626.3,0,2
806,13425.0,108,3,1624.21,0,2
807,13426.0,1,10,3641.32,0,2
808,13427.0,19,3,582.6,0,2
809,13428.0,10,1,218.47,0,2
810,13429.0,11,4,1006.8,0,2
811,13430.0,19,2,679.45,0,2
812,13431.0,67,2,1269.1,0,2
813,13434.0,74,2,534.24,0,2
814,13435.0,5,7,3809.8900000000003,0,2
815,13436.0,2,1,196.89,0,2
816,13437.0,14,7,3408.06,0,2
817,13439.0,255,1,283.71,1,1
818,13441.0,92,1,296.64,0,2
819,13447.0,23,3,1129.14,0,2
820,13448.0,17,6,3539.37,0,2
821,13449.0,24,1,291.88,0,2
822,13450.0,27,6,2043.7199999999998,0,2
823,13451.0,26,5,2976.15,0,2
824,13452.0,259,2,590.0,1,1
825,13453.0,166,2,356.97999999999996,1,1
826,13455.0,25,2,1058.34,0,2
827,13456.0,18,6,1766.72,0,2
828,13458.0,7,14,9646.57,3,2
829,13460.0,29,2,183.44,0,2
830,13461.0,39,3,1445.0,0,2
831,13462.0,253,1,151.5,1,1
832,13464.0,58,1,674.68,0,2
833,13466.0,184,1,307.9,1,1
834,13467.0,11,2,1083.71,0,2
835,13468.0,2,37,5704.97,3,4
836,13470.0,99,2,165.0,0,2
837,13471.0,1,4,2531.58,0,2
838,13473.0,61,2,422.64,0,2
839,13474.0,236,1,229.59,1,1
840,13475.0,191,4,1431.78,1,1
841,13476.0,179,2,1238.47,1,1
842,13477.0,38,6,1454.58,0,2
843,13479.0,201,2,300.95,1,1
844,13481.0,46,5,1804.56,0,2
845,13482.0,232,1,184.64,1,1
846,13483.0,66,1,140.34,0,2
847,13484.0,241,1,313.8,1,1
848,13485.0,233,1,454.24,1,1
849,13486.0,78,3,1122.41,0,2
850,13487.0,58,3,575.4,0,2
851,13488.0,17,13,8968.31,3,2
852,13489.0,105,4,449.52,0,2
853,13491.0,52,10,1215.82,0,2
854,13492.0,136,3,1269.84,0,2
855,13493.0,275,2,618.63,1,1
856,13494.0,312,1,316.26000000000005,1,1
857,13495.0,8,5,2044.8700000000001,0,2
858,13496.0,11,2,653.33,0,2
859,13497.0,283,2,348.05,1,1
860,13499.0,18,5,1159.11,0,2
861,13500.0,23,3,1166.77,0,2
862,13501.0,288,1,1340.32,1,1
863,13502.0,17,3,292.0,0,2
864,13503.0,71,1,216.85,0,2
865,13504.0,64,1,295.93,0,2
866,13505.0,73,4,4393.63,0,2
867,13506.0,316,2,458.52,1,1
868,13507.0,3,4,2479.16,0,2
869,13508.0,244,1,110.97,1,1
870,13509.0,9,7,979.72,0,2
871,13510.0,1,4,1791.56,0,2
872,13512.0,261,1,251.21,1,1
873,13513.0,127,1,205.1,0,2
874,13514.0,74,1,152.20000000000002,0,2
875,13515.0,73,4,891.12,0,2
876,13516.0,21,3,1389.41,0,2
877,13517.0,60,3,2128.42,0,2
878,13518.0,86,1,659.4399999999999,0,2
879,13519.0,78,1,122.75,0,2
880,13520.0,59,6,3624.35,0,2
881,13521.0,1,3,1093.65,0,2
882,13522.0,30,1,125.80000000000001,0,2
883,13523.0,33,5,3964.88,0,2
884,13524.0,41,5,680.1800000000001,0,2
885,13525.0,15,2,628.78,0,2
886,13527.0,34,7,2287.51,0,2
887,13529.0,79,2,307.76,0,2
888,13531.0,205,2,483.8,1,1
889,13532.0,34,1,210.31,0,2
890,13533.0,183,3,270.79,1,1
891,13534.0,2,25,5870.08,3,2
892,13536.0,1,7,3448.29,0,2
893,13538.0,43,7,1280.85,0,2
894,13539.0,86,3,631.34,0,2
895,13544.0,40,2,291.41,0,2
896,13546.0,12,3,626.99,0,2
897,13548.0,96,2,682.41,0,2
898,13549.0,26,7,918.2,0,2
899,13551.0,319,1,91.80000000000001,1,1
900,13552.0,66,12,3740.07,0,2
901,13555.0,74,4,4149.28,0,2
902,13557.0,28,2,584.06,0,2
903,13558.0,6,4,605.06,0,2
904,13560.0,7,1,174.37,0,2
905,13561.0,216,1,141.85999999999999,1,1
906,13562.0,82,3,1799.33,0,2
907,13563.0,84,2,777.53,0,2
908,13564.0,144,3,1749.02,0,2
909,13565.0,19,2,240.22,0,2
910,13566.0,41,2,874.71,0,2
911,13568.0,173,1,192.85,1,1
912,13569.0,17,2,373.75,0,2
913,13570.0,243,1,239.49,1,1
914,13571.0,13,12,2092.32,0,2
915,13572.0,206,1,1384.25,1,1
916,13573.0,50,2,294.4,0,2
917,13575.0,23,5,732.0699999999999,0,2
918,13576.0,10,18,6717.34,3,2
919,13577.0,25,4,1687.6000000000001,0,2
920,13579.0,15,2,467.04,0,2
921,13581.0,309,1,118.0,1,1
922,13583.0,156,1,781.03,1,2
923,13584.0,307,1,142.4,1,1
924,13587.0,64,1,712.4,0,2
925,13588.0,16,9,2478.95,0,2
926,13589.0,15,2,379.65,0,2
927,13590.0,11,6,1981.92,0,2
928,13591.0,65,3,1117.13,0,2
929,13592.0,36,4,247.95999999999998,0,2
930,13593.0,108,5,2037.0800000000002,0,2
931,13594.0,53,1,396.97,0,2
932,13596.0,6,2,697.04,0,2
933,13598.0,47,1,180.17000000000002,0,2
934,13599.0,1,21,5153.67,3,2
935,13600.0,312,1,219.52,1,1
936,13601.0,45,2,693.32,0,2
937,13602.0,65,1,428.89,0,2
938,13603.0,26,1,164.34,0,2
939,13606.0,29,3,280.53999999999996,0,2
940,13607.0,40,1,678.01,0,2
941,13610.0,12,7,1131.88,0,2
942,13611.0,89,3,1171.8,0,2
943,13614.0,24,4,1610.46,0,2
944,13615.0,319,1,417.69,1,1
945,13617.0,40,3,544.18,0,2
946,13618.0,174,1,177.34,1,1
947,13621.0,117,1,213.85,0,2
948,13623.0,31,5,747.78,0,2
949,13626.0,253,1,257.23,1,1
950,13627.0,59,5,1638.47,0,2
951,13629.0,23,11,7792.36,0,2
952,13630.0,5,7,2031.78,0,2
953,13631.0,100,11,3070.42,0,2
954,13632.0,25,5,2121.27,0,2
955,13634.0,33,5,1575.16,0,2
956,13635.0,68,1,1071.03,0,2
957,13636.0,37,5,949.12,0,2
958,13637.0,52,3,810.5,0,2
959,13638.0,16,1,122.64,0,2
960,13639.0,74,1,1033.34,0,2
961,13642.0,216,1,354.8,1,1
962,13643.0,31,3,519.44,0,2
963,13644.0,16,4,2624.26,0,2
964,13645.0,120,1,252.1,0,2
965,13647.0,10,4,1678.1200000000001,0,2
966,13649.0,257,2,346.6,1,1
967,13650.0,17,6,1836.34,0,2
968,13651.0,35,2,94.2,0,2
969,13652.0,46,3,1095.08,0,2
970,13654.0,43,6,2707.33,0,2
971,13655.0,114,2,932.97,0,2
972,13656.0,165,2,379.65,1,1
973,13657.0,11,2,382.14,0,2
974,13658.0,10,5,2639.17,0,2
975,13659.0,206,2,1573.2,1,1
976,13662.0,86,3,897.76,0,2
977,13663.0,179,1,189.47,1,1
978,13666.0,60,3,84.65,0,2
979,13667.0,149,1,305.02,1,2
980,13668.0,3,21,6363.59,3,2
981,13669.0,51,2,218.55,0,2
982,13670.0,75,1,349.7,0,2
983,13672.0,301,2,186.39000000000001,1,1
984,13673.0,19,2,396.92,0,2
985,13675.0,151,2,486.82000000000005,1,2
986,13678.0,152,1,232.6,1,2
987,13680.0,1,4,3722.42,0,2
988,13681.0,18,4,827.83,0,2
989,13682.0,187,1,59.5,1,1
990,13684.0,286,1,67.23,1,1
991,13685.0,3,7,3119.44,0,2
992,13686.0,183,1,72.0,1,1
993,13689.0,63,1,910.0,0,2
994,13690.0,59,1,172.25,0,2
995,13692.0,25,3,1488.32,0,2
996,13694.0,4,50,65039.62,3,4
997,13695.0,31,15,2504.13,0,2
998,13697.0,39,1,151.29999999999998,0,2
999,13699.0,155,1,308.58000000000004,1,2
1000,13700.0,26,10,2265.12,0,2
1001,13703.0,318,1,99.5,1,1
1002,13704.0,5,9,2308.06,0,2
1003,13705.0,8,3,711.86,0,2
1004,13706.0,303,1,330.79,1,1
1005,13707.0,267,2,806.41,1,1
1006,13708.0,271,1,296.88,1,1
1007,13709.0,4,13,6328.05,0,2
1008,13710.0,32,1,180.48,0,2
1009,13711.0,219,2,252.06,1,1
1010,13712.0,247,1,228.84,1,1
1011,13715.0,281,5,1079.34,1,1
1012,13716.0,269,1,138.28,1,1
1013,13717.0,32,6,1445.01,0,2
1014,13718.0,246,2,306.55,1,1
1015,13719.0,15,5,1041.68,0,2
1016,13720.0,117,4,799.9,0,2
1017,13721.0,36,1,524.14,0,2
1018,13722.0,132,3,2375.41,0,2
1019,13723.0,217,1,199.85000000000002,1,1
1020,13725.0,50,8,1980.56,0,2
1021,13726.0,39,2,1079.6599999999999,0,2
1022,13727.0,29,2,333.48,0,2
1023,13728.0,37,6,1016.14,0,2
1024,13730.0,136,2,752.6,0,2
1025,13731.0,219,2,610.59,1,1
1026,13732.0,28,1,491.86,0,2
1027,13735.0,25,4,2885.2400000000002,0,2
1028,13736.0,5,2,731.9,0,2
1029,13737.0,200,1,339.59999999999997,1,1
1030,13739.0,18,1,216.9,0,2
1031,13740.0,241,1,350.75,1,1
1032,13741.0,72,3,668.4300000000001,0,2
1033,13742.0,17,12,3131.02,0,2
1034,13743.0,3,7,1341.6,0,2
1035,13744.0,95,2,1156.36,0,2
1036,13745.0,162,1,300.04,1,2
1037,13747.0,374,1,79.6,1,1
1038,13748.0,96,5,948.25,0,2
1039,13750.0,54,5,1647.26,0,2
1040,13751.0,288,1,296.25,1,1
1041,13752.0,124,6,1186.28,0,2
1042,13753.0,288,1,741.26,1,1
1043,13754.0,152,2,282.59999999999997,1,2
1044,13755.0,4,9,2161.35,0,2
1045,13756.0,2,14,5189.52,3,2
1046,13758.0,12,7,3190.55,0,2
1047,13759.0,33,2,659.4100000000001,0,2
1048,13760.0,54,2,286.79,0,2
1049,13761.0,50,2,1070.65,0,2
1050,13762.0,219,1,306.72,1,1
1051,13763.0,63,1,1714.96,0,2
1052,13764.0,71,3,1521.76,0,2
1053,13767.0,2,37,17220.36,3,4
1054,13769.0,2,10,2796.51,0,2
1055,13771.0,64,4,2634.45,0,2
1056,13772.0,34,3,1132.13,0,2
1057,13774.0,82,1,345.0,0,2
1058,13777.0,1,33,25977.16,3,4
1059,13778.0,103,1,178.7,0,2
1060,13780.0,7,2,360.01,0,2
1061,13781.0,251,1,127.84,1,1
1062,13782.0,13,6,912.0,0,2
1063,13784.0,10,11,2462.79,0,2
1064,13786.0,367,1,230.39999999999998,1,1
1065,13787.0,76,2,309.04,0,2
1066,13790.0,4,1,348.8,0,2
1067,13791.0,128,2,1516.0,0,2
1068,13792.0,66,2,195.55,0,2
1069,13798.0,1,57,37153.85,3,4
1070,13799.0,117,2,688.86,0,2
1071,13800.0,310,1,558.32,1,1
1072,13801.0,67,1,324.8,0,2
1073,13802.0,139,3,4599.42,0,2
1074,13803.0,255,1,277.07,1,1
1075,13804.0,31,7,2635.79,0,2
1076,13805.0,52,2,924.6,0,2
1077,13806.0,64,1,256.38,0,2
1078,13807.0,367,1,112.6,1,1
1079,13808.0,6,5,1747.66,0,2
1080,13809.0,305,1,155.05,1,1
1081,13810.0,29,3,1499.01,0,2
1082,13811.0,184,3,814.5,1,1
1083,13812.0,42,3,539.0,0,2
1084,13813.0,40,4,1366.8600000000001,0,2
1085,13814.0,92,2,1579.12,0,2
1086,13815.0,22,4,4027.36,0,2
1087,13816.0,24,2,571.6700000000001,0,2
1088,13817.0,29,2,382.98,0,2
1089,13819.0,302,3,1140.35,1,1
1090,13821.0,145,2,385.64,1,2
1091,13822.0,6,2,632.0,0,2
1092,13823.0,19,2,957.66,0,2
1093,13824.0,33,5,1698.94,0,2
1094,13826.0,176,1,189.5,1,1
1095,13827.0,58,3,412.05,0,2
1096,13828.0,22,1,209.49,0,2
1097,13831.0,16,6,2202.99,0,2
1098,13832.0,19,1,52.199999999999996,0,2
1099,13833.0,159,1,384.8,1,2
1100,13835.0,25,4,834.57,0,2
1101,13837.0,212,2,271.24,1,1
1102,13838.0,6,4,691.73,0,2
1103,13841.0,253,1,85.0,1,1
1104,13842.0,59,9,3385.62,0,2
1105,13844.0,11,1,361.62,0,2
1106,13845.0,65,1,312.98,0,2
1107,13846.0,25,3,865.0600000000001,0,2
1108,13848.0,92,3,1255.0,0,2
1109,13849.0,52,2,1537.95,0,2
1110,13850.0,129,1,1595.48,0,2
1111,13851.0,96,3,2651.46,0,2
1112,13853.0,57,1,1090.14,0,2
1113,13854.0,9,25,8109.5199999999995,3,2
1114,13856.0,169,3,388.5,1,1
1115,13858.0,57,1,216.17,0,2
1116,13859.0,326,1,201.16,1,1
1117,13860.0,1,5,1245.9,0,2
1118,13862.0,18,8,2209.36,0,2
1119,13863.0,248,1,305.78,1,1
1120,13865.0,58,4,501.56,0,2
1121,13866.0,74,1,145.67000000000002,0,2
1122,13867.0,31,3,1015.29,0,2
1123,13868.0,7,2,3192.54,0,2
1124,13869.0,123,4,3104.95,0,2
1125,13870.0,2,8,2770.94,0,2
1126,13871.0,23,13,6403.25,0,2
1127,13873.0,120,3,389.6,0,2
1128,13874.0,358,1,540.45,1,1
1129,13875.0,54,5,1786.79,0,2
1130,13876.0,64,1,122.7,0,2
1131,13877.0,86,1,117.24,0,2
1132,13878.0,55,1,1281.53,0,2
1133,13880.0,21,13,3219.77,0,2
1134,13881.0,4,20,17159.52,3,2
1135,13882.0,3,5,1191.13,0,2
1136,13883.0,11,5,2674.48,0,2
1137,13884.0,7,5,787.6,0,2
1138,13885.0,189,2,506.8,1,1
1139,13886.0,71,1,243.56,0,2
1140,13887.0,204,1,349.55,1,1
1141,13888.0,120,2,605.63,0,2
1142,13889.0,93,1,416.90000000000003,0,2
1143,13890.0,1,10,1883.8100000000002,0,2
1144,13892.0,27,4,632.97,0,2
1145,13893.0,298,1,821.1,1,1
1146,13894.0,24,3,564.62,0,2
1147,13895.0,28,4,2593.07,0,2
1148,13897.0,50,1,311.16,0,2
1149,13898.0,326,1,155.93,1,1
1150,13899.0,16,2,388.52,0,2
1151,13900.0,183,3,740.95,1,1
1152,13901.0,72,5,2867.2,0,2
1153,13904.0,37,2,332.64,0,2
1154,13908.0,80,4,2369.55,0,2
1155,13911.0,57,9,2580.91,0,2
1156,13914.0,12,2,626.45,0,2
1157,13917.0,50,2,272.04,0,2
1158,13918.0,50,2,1212.8400000000001,0,2
1159,13919.0,59,2,384.81,0,2
1160,13922.0,352,1,172.25,1,1
1161,13923.0,54,1,351.13,0,2
1162,13924.0,2,6,1838.8500000000001,0,2
1163,13925.0,93,4,678.25,0,2
1164,13926.0,23,1,223.85000000000002,0,2
1165,13927.0,75,1,348.99,0,2
1166,13928.0,11,4,464.57,0,2
1167,13929.0,169,2,842.65,1,1
1168,13930.0,58,2,337.34,0,2
1169,13931.0,96,2,1237.53,0,2
1170,13932.0,295,1,307.4,1,1
1171,13933.0,109,2,608.7900000000001,0,2
1172,13934.0,264,1,922.1,1,1
1173,13936.0,180,1,376.58,1,1
1174,13937.0,169,1,158.85,1,1
1175,13938.0,35,1,71.66,0,2
1176,13939.0,23,3,568.55,0,2
1177,13940.0,17,4,839.14,0,2
1178,13941.0,22,5,5112.96,0,2
1179,13946.0,79,3,561.5699999999999,0,2
1180,13947.0,65,1,90.6,0,2
1181,13948.0,361,1,102.0,1,1
1182,13949.0,3,6,2427.32,0,2
1183,13950.0,11,4,745.06,0,2
1184,13951.0,176,3,674.45,1,1
1185,13952.0,218,2,3251.071,1,1
1186,13953.0,7,7,3515.68,0,2
1187,13954.0,2,2,439.92,0,2
1188,13955.0,154,2,322.96,1,2
1189,13956.0,5,5,1026.42,0,2
1190,13959.0,79,3,598.2,0,2
1191,13960.0,21,2,230.22,0,2
1192,13962.0,22,2,169.55,0,2
1193,13963.0,308,4,664.54,1,1
1194,13967.0,146,1,80.7,1,2
1195,13969.0,7,18,9053.94,3,2
1196,13971.0,19,8,2758.26,0,2
1197,13972.0,71,2,190.25,0,2
1198,13973.0,287,1,264.7,1,1
1199,13974.0,49,1,413.59000000000003,0,2
1200,13975.0,31,6,2526.28,0,2
1201,13976.0,207,1,357.98,1,1
1202,13978.0,15,2,196.79000000000002,0,2
1203,13979.0,73,1,869.87,0,2
1204,13980.0,60,1,200.14,0,2
1205,13982.0,39,4,1871.81,0,2
1206,13983.0,30,12,2603.43,0,2
1207,13984.0,27,5,920.51,0,2
1208,13985.0,4,15,7060.13,3,2
1209,13986.0,17,1,320.46,0,2
1210,13988.0,20,6,4147.96,0,2
1211,13989.0,66,2,1266.08,0,2
1212,13990.0,213,1,311.3,1,1
1213,13991.0,12,6,855.97,0,2
1214,13992.0,30,1,76.8,0,2
1215,13993.0,43,9,3466.36,0,2
1216,13994.0,4,6,2313.14,0,2
1217,13995.0,15,5,1393.69,0,2
1218,13999.0,10,12,3901.81,0,2
1219,14000.0,211,1,635.66,1,1
1220,14001.0,46,3,2043.0800000000002,0,2
1221,14002.0,134,2,529.73,0,2
1222,14004.0,43,7,4582.64,0,2
1223,14005.0,10,5,2874.72,0,2
1224,14006.0,116,3,962.19,0,2
1225,14009.0,198,2,695.61,1,1
1226,14012.0,278,1,328.8,1,1
1227,14013.0,110,3,473.02,0,2
1228,14014.0,77,1,505.18,0,2
1229,14015.0,53,1,917.34,0,2
1230,14016.0,162,4,4341.21,1,2
1231,14019.0,47,3,1421.61,0,2
1232,14020.0,17,2,642.8,0,2
1233,14021.0,155,3,631.9,1,2
1234,14022.0,225,1,440.0,1,1
1235,14023.0,7,2,584.07,0,2
1236,14024.0,122,2,327.7,0,2
1237,14027.0,61,1,104.82,0,2
1238,14029.0,63,2,467.66,0,2
1239,14030.0,18,8,2360.09,0,2
1240,14031.0,7,19,17286.86,3,2
1241,14032.0,2,11,2975.59,0,2
1242,14034.0,22,3,651.8199999999999,0,2
1243,14035.0,29,5,1428.02,0,2
1244,14036.0,285,1,626.65,1,1
1245,14037.0,176,2,147.20000000000002,1,1
1246,14038.0,78,3,1560.38,0,2
1247,14039.0,33,1,152.2,0,2
1248,14040.0,41,12,3614.92,0,2
1249,14041.0,266,1,141.41,1,1
1250,14044.0,27,4,652.82,0,2
1251,14045.0,109,4,1659.75,0,2
1252,14046.0,284,1,154.99,1,1
1253,14047.0,9,5,1308.6100000000001,0,2
1254,14048.0,305,1,409.93,1,1
1255,14049.0,17,4,5681.72,0,2
1256,14050.0,32,2,746.36,0,2
1257,14051.0,1,23,15610.390000000001,3,2
1258,14052.0,20,1,225.36,0,2
1259,14053.0,124,2,260.25,0,2
1260,14054.0,65,1,92.46,0,2
1261,14055.0,106,1,725.6400000000001,0,2
1262,14056.0,1,23,8214.65,3,2
1263,14057.0,24,17,6217.96,3,2
1264,14059.0,267,1,183.6,1,1
1265,14060.0,5,19,6140.42,3,2
1266,14062.0,10,12,10464.85,3,2
1267,14064.0,29,5,1353.74,0,2
1268,14066.0,267,1,152.55,1,1
1269,14067.0,64,2,374.7,0,2
1270,14068.0,320,1,265.85,1,1
1271,14071.0,4,8,1438.82,0,2
1272,14073.0,32,1,151.04,0,2
1273,14075.0,5,3,942.26,0,2
1274,14076.0,129,1,122.47,0,2
1275,14077.0,41,5,499.41999999999996,0,2
1276,14078.0,102,6,1049.37,0,2
1277,14079.0,125,1,375.1,0,2
1278,14080.0,33,1,45.599999999999994,0,2
1279,14081.0,302,2,934.52,1,1
1280,14082.0,365,1,182.25,1,1
1281,14083.0,4,9,1018.43,0,2
1282,14085.0,2,18,4448.54,3,2
1283,14087.0,3,1,194.42,0,2
1284,14088.0,10,13,50491.81,3,4
1285,14089.0,57,1,161.0,0,2
1286,14090.0,325,1,76.32000000000001,1,1
1287,14092.0,8,14,4076.91,0,2
1288,14093.0,12,1,442.85,0,2
1289,14096.0,4,17,65164.79,3,4
1290,14098.0,37,1,147.35,0,2
1291,14099.0,16,11,3104.17,0,2
1292,14100.0,138,1,194.9,0,2
1293,14101.0,74,6,5976.79,0,2
1294,14102.0,5,5,1360.28,0,2
1295,14104.0,155,2,216.20999999999998,1,2
1296,14105.0,239,1,1266.23,1,1
1297,14107.0,52,7,2703.23,0,2
1298,14108.0,31,2,597.91,0,2
1299,14109.0,73,1,144.2,0,2
1300,14110.0,4,12,5683.15,0,2
1301,14111.0,14,4,692.85,0,2
1302,14112.0,23,7,2915.15,0,2
1303,14113.0,4,4,1840.42,0,2
1304,14114.0,274,2,386.53,1,1
1305,14116.0,20,5,1382.74,0,2
1306,14117.0,144,1,90.0,1,2
1307,14121.0,4,4,2780.15,0,2
1308,14124.0,84,1,419.58000000000004,0,2
1309,14125.0,11,3,2740.43,0,2
1310,14126.0,8,3,706.1300000000001,0,2
1311,14127.0,123,3,709.71,0,2
1312,14128.0,61,2,637.5,0,2
1313,14129.0,2,5,1123.8600000000001,0,2
1314,14130.0,319,1,483.86,1,1
1315,14132.0,2,11,3586.0299999999997,0,2
1316,14133.0,130,3,605.64,0,2
1317,14135.0,2,15,4690.31,3,2
1318,14138.0,2,2,982.3800000000001,0,2
1319,14139.0,46,1,415.82,0,2
1320,14140.0,4,2,935.05,0,2
1321,14141.0,3,4,915.13,0,2
1322,14142.0,373,1,311.81,1,1
1323,14143.0,134,1,115.8,0,2
1324,14145.0,47,4,3742.2,0,2
1325,14146.0,9,5,4191.0,0,2
1326,14147.0,78,2,483.4,0,2
1327,14148.0,234,1,157.2,1,1
1328,14149.0,221,1,446.62,1,1
1329,14150.0,36,2,658.64,0,2
1330,14152.0,75,2,621.29,0,2
1331,14154.0,239,2,1345.62,1,1
1332,14155.0,266,1,118.75,1,1
1333,14156.0,10,55,117379.63,2,3
1334,14157.0,20,2,432.88,0,2
1335,14158.0,40,1,507.66,0,2
1336,14159.0,20,11,4693.01,0,2
1337,14161.0,216,3,1110.52,1,1
1338,14162.0,174,2,289.36,1,1
1339,14163.0,87,4,2445.91,0,2
1340,14164.0,71,2,1631.77,0,2
1341,14165.0,276,1,122.53999999999999,1,1
1342,14167.0,39,4,574.84,0,2
1343,14171.0,98,1,363.79,0,2
1344,14173.0,11,4,450.84,0,2
1345,14174.0,33,1,134.46,0,2
1346,14175.0,60,3,3222.3,0,2
1347,14176.0,297,4,576.9000000000001,1,1
1348,14177.0,86,4,559.41,0,2
1349,14178.0,9,7,1620.93,0,2
1350,14179.0,41,2,719.78,0,2
1351,14180.0,11,25,4748.52,3,2
1352,14184.0,67,1,452.89,0,2
1353,14185.0,331,1,197.65,1,1
1354,14188.0,31,6,2054.36,0,2
1355,14189.0,2,15,4654.08,3,2
1356,14191.0,2,13,4684.76,0,2
1357,14193.0,68,2,853.39,0,2
1358,14194.0,5,21,11349.52,3,2
1359,14195.0,202,2,1012.0,1,1
1360,14196.0,107,1,335.52,0,2
1361,14198.0,18,4,701.4,0,2
1362,14199.0,218,1,185.39999999999998,1,1
1363,14201.0,60,7,747.44,0,2
1364,14204.0,2,1,161.03,0,2
1365,14205.0,17,2,466.7,0,2
1366,14206.0,239,1,328.15999999999997,1,1
1367,14208.0,95,1,151.74,0,2
1368,14209.0,11,6,2073.43,0,2
1369,14210.0,106,6,1905.8400000000001,0,2
1370,14211.0,53,9,2241.1,0,2
1371,14212.0,90,1,1070.48,0,2
1372,14214.0,31,5,1004.38,0,2
1373,14215.0,12,6,1789.72,0,2
1374,14216.0,3,4,1839.3,0,2
1375,14217.0,2,17,2004.98,3,2
1376,14218.0,43,1,169.48000000000002,0,2
1377,14219.0,4,1,89.94,0,2
1378,14220.0,247,2,632.4,1,1
1379,14221.0,42,9,3432.8,0,2
1380,14222.0,177,1,683.17,1,1
1381,14223.0,92,3,991.13,0,2
1382,14224.0,110,4,1050.12,0,2
1383,14226.0,29,5,2232.19,0,2
1384,14227.0,26,10,3350.96,0,2
1385,14229.0,52,3,1547.2,0,2
1386,14231.0,184,3,925.71,1,1
1387,14232.0,43,5,2048.07,0,2
1388,14233.0,49,4,1462.72,0,2
1389,14234.0,22,4,775.46,0,2
1390,14235.0,75,5,3144.86,0,2
1391,14236.0,81,2,490.86,0,2
1392,14237.0,373,1,161.0,1,1
1393,14238.0,326,1,146.85,1,1
1394,14239.0,43,11,2380.85,0,2
1395,14240.0,30,2,890.34,0,2
1396,14241.0,184,1,213.70000000000002,1,1
1397,14242.0,235,2,280.55,1,1
1398,14243.0,9,10,2588.77,0,2
1399,14245.0,220,2,1693.45,1,1
1400,14246.0,111,3,1474.06,0,2
1401,14247.0,278,1,136.76999999999998,1,1
1402,14248.0,318,1,302.58,1,1
1403,14250.0,7,3,1904.05,0,2
1404,14251.0,2,5,2879.7000000000003,0,2
1405,14256.0,260,2,969.0600000000001,1,1
1406,14257.0,64,5,3099.7200000000003,0,2
1407,14258.0,9,9,12669.98,0,2
1408,14259.0,142,1,120.0,0,2
1409,14261.0,51,2,1163.45,0,2
1410,14262.0,8,8,2618.23,0,2
1411,14264.0,155,2,333.97,1,2
1412,14265.0,109,2,530.18,0,2
1413,14267.0,163,3,1516.24,1,1
1414,14270.0,332,1,492.65000000000003,1,1
1415,14271.0,226,1,112.32,1,1
1416,14272.0,74,2,437.96,0,2
1417,14273.0,51,4,559.97,0,2
1418,14276.0,99,3,1119.74,0,2
1419,14277.0,15,3,4216.2,0,2
1420,14280.0,197,1,134.04,1,1
1421,14282.0,3,15,3729.34,3,2
1422,14284.0,31,2,595.25,0,2
1423,14285.0,21,4,1910.01,0,2
1424,14286.0,24,3,4628.75,0,2
1425,14287.0,8,3,176.63,0,2
1426,14288.0,213,1,426.6,1,1
1427,14289.0,9,6,911.26,0,2
1428,14290.0,11,5,2314.65,0,2
1429,14291.0,2,11,3883.25,0,2
1430,14292.0,8,9,4871.93,0,2
1431,14293.0,3,4,1046.56,0,2
1432,14295.0,40,1,166.20000000000002,0,2
1433,14297.0,18,4,1305.33,0,2
1434,14298.0,8,44,51527.3,3,4
1435,14299.0,8,9,3965.62,0,2
1436,14300.0,19,1,43.2,0,2
1437,14301.0,117,1,640.14,0,2
1438,14304.0,223,1,383.45,1,1
1439,14305.0,71,3,1858.96,0,2
1440,14306.0,51,2,2093.32,0,2
1441,14307.0,89,6,2995.72,0,2
1442,14309.0,8,9,2352.53,0,2
1443,14311.0,243,1,310.26,1,1
1444,14312.0,47,6,1611.59,0,2
1445,14314.0,107,1,120.0,0,2
1446,14315.0,45,6,2481.13,0,2
1447,14317.0,65,1,508.58000000000004,0,2
1448,14320.0,207,2,477.79,1,1
1449,14321.0,11,5,1530.75,0,2
1450,14323.0,115,2,605.0600000000001,0,2
1451,14326.0,242,1,183.85,1,1
1452,14327.0,163,1,311.65,1,2
1453,14329.0,17,7,5014.84,0,2
1454,14331.0,124,2,462.65999999999997,0,2
1455,14332.0,23,3,866.31,0,2
1456,14333.0,68,1,415.2,0,2
1457,14334.0,17,8,2552.21,0,2
1458,14335.0,16,2,468.26,0,2
1459,14336.0,17,4,1614.91,0,2
1460,14338.0,161,2,588.22,1,1
1461,14339.0,243,1,309.52,1,1
1462,14340.0,219,1,134.7,1,1
1463,14341.0,45,8,2182.28,0,2
1464,14342.0,21,4,668.5600000000001,0,2
1465,14344.0,127,8,889.9300000000001,0,2
1466,14345.0,39,1,108.97999999999999,0,2
1467,14346.0,121,2,1021.58,0,2
1468,14348.0,260,1,409.57,1,1
1469,14349.0,10,1,133.5,0,2
1470,14350.0,274,1,282.93,1,1
1471,14351.0,165,1,51.0,1,2
1472,14352.0,157,4,1078.96,1,2
1473,14353.0,215,1,90.6,1,1
1474,14354.0,6,2,163.62,0,2
1475,14355.0,366,1,174.4,1,1
1476,14356.0,80,2,701.23,0,2
1477,14357.0,43,1,225.77,0,2
1478,14359.0,19,3,912.18,0,2
1479,14360.0,32,4,2128.23,0,2
1480,14362.0,22,1,161.2,0,2
1481,14364.0,109,8,3717.35,0,2
1482,14367.0,8,16,9261.52,3,2
1483,14368.0,320,1,155.0,1,1
1484,14371.0,295,1,100.5,1,1
1485,14373.0,358,1,76.55,1,1
1486,14375.0,185,1,257.68,1,1
1487,14377.0,191,2,617.05,1,1
1488,14379.0,44,2,348.1,0,2
1489,14381.0,52,1,202.68,0,2
1490,14382.0,26,1,626.0699999999999,0,2
1491,14383.0,38,3,1247.69,0,2
1492,14385.0,9,3,202.11,0,2
1493,14386.0,297,1,142.4,1,1
1494,14387.0,33,3,1770.56,0,2
1495,14388.0,10,8,3212.84,0,2
1496,14389.0,65,2,1043.46,0,2
1497,14390.0,10,9,4652.82,0,2
1498,14393.0,218,1,67.95,1,1
1499,14395.0,2,9,3507.71,0,2
1500,14396.0,65,2,487.99,0,2
1501,14397.0,3,19,2612.96,3,2
1502,14400.0,149,1,574.7,1,2
1503,14401.0,4,13,4051.48,0,2
1504,14403.0,130,4,1475.81,0,2
1505,14404.0,34,6,1474.32,0,2
1506,14406.0,119,1,156.75,0,2
1507,14407.0,107,6,2157.73,0,2
1508,14408.0,11,7,2606.53,0,2
1509,14409.0,71,6,2059.4500000000003,0,2
1510,14410.0,92,9,1105.07,0,2
1511,14411.0,311,1,1063.0,1,1
1512,14412.0,43,2,770.03,0,2
1513,14413.0,362,1,122.7,1,1
1514,14414.0,92,7,1496.98,0,2
1515,14415.0,1,13,5900.28,0,2
1516,14416.0,22,2,490.22,0,2
1517,14418.0,4,3,1937.25,0,2
1518,14419.0,11,6,1058.06,0,2
1519,14420.0,99,1,387.52,0,2
1520,14421.0,57,2,813.11,0,2
1521,14422.0,1,6,4263.64,0,2
1522,14423.0,218,1,265.2,1,1
1523,14424.0,18,1,322.08,0,2
1524,14426.0,24,10,4481.67,0,2
1525,14427.0,50,2,363.34000000000003,0,2
1526,14428.0,7,5,1244.83,0,2
1527,14431.0,303,1,470.36,1,1
1528,14432.0,10,6,2255.51,0,2
1529,14434.0,22,6,1372.8,0,2
1530,14436.0,99,1,89.06,0,2
1531,14437.0,366,1,63.0,1,1
1532,14438.0,306,1,131.9,1,1
1533,14439.0,320,1,2661.24,1,1
1534,14440.0,8,5,2357.6800000000003,0,2
1535,14441.0,1,4,1712.89,0,2
1536,14442.0,205,2,1589.82,1,1
1537,14443.0,54,4,1420.2,0,2
1538,14446.0,1,4,1039.58,0,2
1539,14447.0,19,5,1163.23,0,2
1540,14448.0,9,2,375.35,0,2
1541,14449.0,19,4,907.1,0,2
1542,14450.0,181,3,483.25,1,1
1543,14451.0,60,2,662.59,0,2
1544,14452.0,11,2,264.44,0,2
1545,14453.0,190,1,119.93,1,1
1546,14456.0,5,9,3062.4,0,2
1547,14457.0,311,1,113.64,1,1
1548,14459.0,155,1,1837.92,1,2
1549,14460.0,110,3,434.34,0,2
1550,14461.0,148,3,2103.06,1,2
1551,14462.0,66,11,2004.02,0,2
1552,14463.0,98,3,529.62,0,2
1553,14465.0,247,3,1058.6200000000001,1,1
1554,14466.0,29,7,2272.4,0,2
1555,14467.0,18,4,598.76,0,2
1556,14470.0,12,2,461.19,0,2
1557,14472.0,104,8,1936.84,0,2
1558,14473.0,74,2,234.34000000000003,0,2
1559,14474.0,46,1,547.66,0,2
1560,14475.0,72,3,925.85,0,2
1561,14476.0,257,1,215.7,1,1
1562,14477.0,20,4,1309.6,0,2
1563,14479.0,254,2,316.25,1,1
1564,14480.0,11,1,279.05,0,2
1565,14481.0,165,2,636.51,1,1
1566,14482.0,18,6,2068.15,0,2
1567,14483.0,282,1,137.1,1,1
1568,14484.0,50,1,321.92,0,2
1569,14485.0,39,1,165.75,0,2
1570,14487.0,27,6,1196.33,0,2
1571,14488.0,68,1,1064.28,0,2
1572,14489.0,207,1,463.38,1,1
1573,14491.0,175,2,340.93,1,1
1574,14493.0,7,5,2383.2400000000002,0,2
1575,14494.0,26,1,139.56,0,2
1576,14495.0,51,2,123.8,0,2
1577,14496.0,312,2,538.8100000000001,1,1
1578,14497.0,309,1,475.37,1,1
1579,14498.0,43,5,1957.32,0,2
1580,14499.0,26,3,815.32,0,2
1581,14500.0,88,3,356.85,0,2
1582,14501.0,184,2,251.21,1,1
1583,14502.0,20,11,2470.67,0,2
1584,14503.0,3,6,3543.26,0,2
1585,14504.0,47,4,673.26,0,2
1586,14505.0,17,8,5905.64,0,2
1587,14506.0,17,5,2012.17,0,2
1588,14507.0,24,6,1383.18,0,2
1589,14508.0,22,2,276.42,0,2
1590,14511.0,11,5,1314.81,0,2
1591,14512.0,188,2,275.28,1,1
1592,14513.0,101,3,455.59000000000003,0,2
1593,14514.0,61,3,1055.35,0,2
1594,14515.0,18,6,2102.09,0,2
1595,14517.0,33,2,330.45,0,2
1596,14518.0,64,1,174.37,0,2
1597,14520.0,2,2,270.6,0,2
1598,14522.0,24,4,974.54,0,2
1599,14523.0,108,1,241.09,0,2
1600,14524.0,32,9,1867.68,0,2
1601,14525.0,20,9,4332.2,0,2
1602,14527.0,3,55,8508.82,3,4
1603,14528.0,37,1,364.21999999999997,0,2
1604,14529.0,60,3,620.04,0,2
1605,14530.0,26,6,2925.91,0,2
1606,14532.0,236,4,932.85,1,1
1607,14533.0,25,7,1949.72,0,2
1608,14534.0,3,18,4447.05,3,2
1609,14535.0,60,3,2864.19,0,2
1610,14536.0,260,1,171.8,1,1
1611,14537.0,58,1,355.56,0,2
1612,14538.0,65,2,388.25,0,2
1613,14539.0,16,2,537.48,0,2
1614,14540.0,10,3,996.26,0,2
1615,14541.0,59,8,1461.65,0,2
1616,14542.0,186,1,103.25,1,1
1617,14543.0,29,16,3630.33,3,2
1618,14544.0,24,2,2024.45,0,2
1619,14546.0,5,5,2578.09,0,2
1620,14547.0,4,8,4007.54,0,2
1621,14548.0,151,2,652.8,1,2
1622,14549.0,311,1,289.24,1,1
1623,14550.0,11,2,765.62,0,2
1624,14551.0,18,2,186.23,0,2
1625,14552.0,152,1,165.07,1,2
1626,14553.0,19,5,859.27,0,2
1627,14554.0,10,4,2381.04,0,2
1628,14555.0,57,2,324.14,0,2
1629,14557.0,85,1,788.38,0,2
1630,14560.0,7,22,2237.77,3,2
1631,14561.0,76,3,1080.76,0,2
1632,14562.0,4,18,5074.77,3,2
1633,14565.0,96,4,3099.12,0,2
1634,14566.0,111,1,1432.0,0,2
1635,14567.0,57,2,1530.3600000000001,0,2
1636,14569.0,1,1,227.39,0,2
1637,14570.0,281,2,218.06,1,1
1638,14572.0,3,7,2832.84,0,2
1639,14573.0,180,9,1653.42,1,2
1640,14576.0,372,1,35.400000000000006,1,1
1641,14577.0,13,4,859.71,0,2
1642,14578.0,3,1,168.63,0,2
1643,14581.0,17,1,138.6,0,2
1644,14582.0,41,1,114.11,0,2
1645,14583.0,6,5,1052.55,0,2
1646,14584.0,169,4,1042.26,1,1
1647,14585.0,50,1,157.05,0,2
1648,14586.0,277,1,237.36,1,1
1649,14587.0,19,9,1601.14,0,2
1650,14589.0,372,1,39.75,1,1
1651,14591.0,15,4,1447.14,0,2
1652,14592.0,35,3,570.46,0,2
1653,14593.0,22,3,617.99,0,2
1654,14594.0,7,2,379.83,0,2
1655,14595.0,20,6,1740.6,0,2
1656,14597.0,11,2,883.15,0,2
1657,14598.0,44,1,221.97,0,2
1658,14600.0,306,1,393.33000000000004,1,1
1659,14601.0,11,1,213.96,0,2
1660,14603.0,275,1,660.0,1,1
1661,14606.0,1,93,12156.65,3,4
1662,14607.0,16,14,16569.5,3,2
1663,14608.0,4,4,1785.15,0,2
1664,14609.0,72,4,601.56,0,2
1665,14616.0,243,3,406.08000000000004,1,1
1666,14618.0,9,3,553.44,0,2
1667,14619.0,246,1,394.44,1,1
1668,14620.0,206,2,412.78000000000003,1,1
1669,14621.0,1,5,1788.3600000000001,0,2
1670,14622.0,185,1,320.58000000000004,1,1
1671,14623.0,32,5,889.25,0,2
1672,14624.0,57,2,225.85,0,2
1673,14625.0,196,2,899.63,1,1
1674,14626.0,24,4,2791.27,0,2
1675,14628.0,91,2,671.96,0,2
1676,14629.0,4,2,959.01,0,2
1677,14631.0,51,3,1006.98,0,2
1678,14632.0,263,1,114.56,1,1
1679,14633.0,266,1,344.90000000000003,1,1
1680,14636.0,36,2,609.85,0,2
1681,14638.0,51,1,443.6,0,2
1682,14639.0,52,6,2984.49,0,2
1683,14640.0,24,6,2125.08,0,2
1684,14641.0,22,1,110.46,0,2
1685,14642.0,59,1,96.12,0,2
1686,14643.0,170,2,693.8100000000001,1,1
1687,14644.0,68,2,830.76,0,2
1688,14645.0,157,2,597.09,1,2
1689,14646.0,2,73,280206.02,2,3
1690,14647.0,201,1,243.22,1,1
1691,14649.0,5,4,1417.29,0,2
1692,14651.0,67,2,654.6,0,2
1693,14652.0,77,1,114.18,0,2
1694,14653.0,1,7,1947.55,0,2
1695,14655.0,8,4,1932.23,0,2
1696,14656.0,169,2,291.05,1,1
1697,14657.0,18,4,848.22,0,2
1698,14658.0,5,2,247.15,0,2
1699,14659.0,9,9,2529.93,0,2
1700,14660.0,87,2,285.74,0,2
1701,14661.0,27,1,107.95,0,2
1702,14662.0,29,4,771.17,0,2
1703,14664.0,20,2,637.89,0,2
1704,14665.0,61,5,1835.7,0,2
1705,14666.0,24,1,195.25,0,2
1706,14667.0,11,25,9241.2,3,2
1707,14669.0,242,3,1269.99,1,1
1708,14670.0,280,2,411.53,1,1
1709,14672.0,235,2,765.55,1,1
1710,14673.0,3,5,1736.4,0,2
1711,14675.0,16,1,604.75,0,2
1712,14676.0,31,6,2548.2400000000002,0,2
1713,14680.0,25,16,28754.11,3,4
1714,14681.0,71,3,498.95,0,2
1715,14682.0,188,2,52.0,1,1
1716,14684.0,26,5,1236.28,0,2
1717,14687.0,107,1,628.38,0,2
1718,14688.0,8,21,5630.87,3,2
1719,14689.0,209,1,112.8,1,1
1720,14690.0,44,2,371.7,0,2
1721,14691.0,31,5,2114.33,0,2
1722,14692.0,137,4,591.55,0,2
1723,14693.0,265,1,172.9,1,1
1724,14696.0,4,7,2078.95,0,2
1725,14697.0,218,2,188.60999999999999,1,1
1726,14698.0,2,5,1250.76,0,2
1727,14699.0,214,1,109.13000000000001,1,1
1728,14700.0,32,3,2235.3,0,2
1729,14701.0,11,9,2549.37,0,2
1730,14702.0,1,17,3292.14,3,2
1731,14703.0,15,1,318.17,0,2
1732,14704.0,11,9,1546.91,0,2
1733,14705.0,199,1,179.0,1,1
1734,14708.0,3,3,1126.37,0,2
1735,14709.0,15,13,4921.04,0,2
1736,14710.0,14,4,606.13,0,2
1737,14711.0,10,11,2868.8,0,2
1738,14712.0,29,3,917.07,0,2
1739,14713.0,9,11,2666.36,0,2
1740,14714.0,24,1,160.19,0,2
1741,14715.0,25,4,867.38,0,2
1742,14716.0,43,2,329.68,0,2
1743,14719.0,2,5,1602.13,0,2
1744,14720.0,6,3,663.81,0,2
1745,14722.0,147,1,187.92000000000002,1,2
1746,14723.0,10,6,1158.3,0,2
1747,14725.0,25,1,718.08,0,2
1748,14727.0,274,1,268.58,1,1
1749,14729.0,374,1,313.49,1,1
1750,14730.0,1,8,2005.06,0,2
1751,14731.0,47,3,380.02,0,2
1752,14732.0,8,8,2702.4900000000002,0,2
1753,14733.0,16,12,9585.91,3,2
1754,14735.0,4,32,6065.69,3,2
1755,14737.0,4,3,1164.55,0,2
1756,14738.0,43,7,1314.45,0,2
1757,14739.0,4,7,3902.28,0,2
1758,14740.0,197,3,1448.21,1,1
1759,14741.0,12,6,1400.34,0,2
1760,14744.0,16,7,1099.98,0,2
1761,14745.0,113,5,1220.26,0,2
1762,14747.0,249,1,328.2,1,1
1763,14748.0,29,5,1415.75,0,2
1764,14752.0,44,1,389.64,0,2
1765,14753.0,87,1,563.15,0,2
1766,14754.0,45,2,638.05,0,2
1767,14755.0,10,11,5010.28,0,2
1768,14756.0,15,1,738.96,0,2
1769,14757.0,75,1,420.5,0,2
1770,14758.0,145,4,1484.06,0,2
1771,14759.0,5,3,1625.97,0,2
1772,14760.0,297,1,89.2,1,1
1773,14761.0,59,2,255.9,0,2
1774,14762.0,264,1,300.52,1,1
1775,14764.0,47,1,278.3,0,2
1776,14765.0,29,3,254.11,0,2
1777,14766.0,8,6,2473.37,0,2
1778,14768.0,17,2,192.60000000000002,0,2
1779,14769.0,3,8,10674.75,0,2
1780,14770.0,232,2,876.42,1,1
1781,14772.0,112,1,139.26,0,2
1782,14775.0,58,3,1011.9,0,2
1783,14776.0,51,11,2538.3,0,2
1784,14778.0,127,2,730.86,0,2
1785,14779.0,281,3,386.15,1,1
1786,14780.0,55,2,447.68,0,2
1787,14782.0,320,1,200.10000000000002,1,1
1788,14784.0,26,2,289.99,0,2
1789,14785.0,10,2,77.4,0,2
1790,14788.0,7,2,679.4399999999999,0,2
1791,14789.0,29,1,197.64,0,2
1792,14790.0,17,4,745.06,0,2
1793,14792.0,64,1,6.2,0,2
1794,14793.0,21,1,228.99,0,2
1795,14794.0,3,7,1319.91,0,2
1796,14795.0,166,1,131.45000000000002,1,2
1797,14796.0,1,17,8022.49,3,2
1798,14798.0,53,3,173.74,0,2
1799,14799.0,51,1,157.7,0,2
1800,14800.0,48,12,4339.74,0,2
1801,14801.0,61,1,193.14,0,2
1802,14803.0,162,3,845.55,1,1
1803,14804.0,9,1,353.27,0,2
1804,14805.0,15,4,554.65,0,2
1805,14806.0,75,1,193.39000000000001,0,2
1806,14808.0,40,8,2741.17,0,2
1807,14810.0,41,11,2087.88,0,2
1808,14813.0,370,2,155.43,1,1
1809,14815.0,37,2,778.5,0,2
1810,14816.0,197,1,271.85,1,1
1811,14817.0,200,2,1110.34,1,1
1812,14818.0,74,3,657.8,0,2
1813,14819.0,64,2,272.07,0,2
1814,14820.0,21,4,507.29,0,2
1815,14821.0,367,1,48.800000000000004,1,1
1816,14823.0,180,3,321.43,1,1
1817,14824.0,10,4,1127.71,0,2
1818,14825.0,4,12,2226.91,0,2
1819,14828.0,197,3,2139.76,1,1
1820,14829.0,29,4,697.55,0,2
1821,14830.0,53,1,197.13,0,2
1822,14834.0,18,6,1720.3,0,2
1823,14836.0,10,3,102.44999999999999,0,2
1824,14837.0,90,4,1649.5,0,2
1825,14840.0,268,1,62.85,1,1
1826,14841.0,53,6,3295.76,0,2
1827,14842.0,44,4,2824.69,0,2
1828,14844.0,64,4,3189.81,0,2
1829,14847.0,149,1,309.4,1,2
1830,14849.0,22,25,7930.54,3,2
1831,14850.0,312,1,325.75,1,1
1832,14851.0,23,2,511.35,0,2
1833,14852.0,58,6,2836.69,0,2
1834,14853.0,24,2,475.8,0,2
1835,14854.0,78,7,2759.83,0,2
1836,14855.0,119,2,645.65,0,2
1837,14856.0,36,3,1311.3799999999999,0,2
1838,14857.0,60,2,1173.12,0,2
1839,14859.0,13,4,1353.74,0,2
1840,14860.0,19,1,170.32,0,2
1841,14861.0,52,1,125.79,0,2
1842,14862.0,26,2,841.1999999999999,0,2
1843,14863.0,29,1,266.76,0,2
1844,14865.0,7,2,52.2,0,2
1845,14866.0,11,12,14389.9,3,2
1846,14867.0,186,3,710.28,1,1
1847,14868.0,3,8,2953.59,0,2
1848,14869.0,9,2,725.7,0,2
1849,14870.0,262,1,327.25,1,1
1850,14871.0,3,4,522.38,0,2
1851,14873.0,210,1,519.68,1,1
1852,14875.0,108,2,1465.3200000000002,0,2
1853,14878.0,13,9,1485.54,0,2
1854,14880.0,77,3,706.19,0,2
1855,14881.0,20,1,255.4,0,2
1856,14882.0,27,2,589.7,0,2
1857,14883.0,19,6,761.59,0,2
1858,14885.0,132,1,765.3199999999999,0,2
1859,14886.0,253,1,364.8,1,1
1860,14887.0,79,1,1862.0,0,2
1861,14888.0,207,1,369.2,1,1
1862,14889.0,336,1,135.9,1,1
1863,14890.0,254,1,125.65,1,1
1864,14891.0,148,2,554.38,1,2
1865,14893.0,10,2,1237.8500000000001,0,2
1866,14894.0,85,1,655.75,0,2
1867,14895.0,8,20,11138.710000000001,3,2
1868,14896.0,205,2,468.77000000000004,1,1
1869,14897.0,8,4,1366.38,0,2
1870,14898.0,23,6,1303.52,0,2
1871,14901.0,11,9,1421.29,0,2
1872,14902.0,26,1,332.66,0,2
1873,14903.0,21,5,2810.63,0,2
1874,14904.0,2,2,1025.44,0,2
1875,14905.0,158,2,616.15,1,2
1876,14907.0,3,7,3501.1,0,2
1877,14908.0,74,1,277.8,0,2
1878,14910.0,3,4,434.35,0,2
1879,14911.0,1,201,143825.06,2,4
1880,14912.0,17,2,867.85,0,2
1881,14913.0,36,4,1227.43,0,2
1882,14915.0,91,2,307.48,0,2
1883,14916.0,71,4,1268.98,0,2
1884,14918.0,116,2,1610.15,0,2
1885,14920.0,213,2,977.77,1,1
1886,14921.0,30,2,1316.07,0,2
1887,14923.0,51,1,749.1,0,2
1888,14924.0,246,1,310.05,1,1
1889,14929.0,32,1,223.88,0,2
1890,14930.0,109,3,2372.86,0,2
1891,14931.0,5,5,1257.68,0,2
1892,14932.0,366,1,363.53,1,1
1893,14934.0,82,2,1890.94,0,2
1894,14935.0,297,1,1784.71,1,1
1895,14936.0,34,8,8137.02,0,2
1896,14937.0,57,3,1621.88,0,2
1897,14944.0,30,12,5900.25,0,2
1898,14946.0,14,1,100.9,0,2
1899,14947.0,72,2,290.82,0,2
1900,14948.0,23,6,1101.97,0,2
1901,14950.0,19,1,371.2,0,2
1902,14951.0,79,1,311.69,0,2
1903,14952.0,60,11,8099.49,0,2
1904,14953.0,25,1,289.82,0,2
1905,14954.0,12,1,336.17,0,2
1906,14957.0,253,1,58.49,1,1
1907,14958.0,147,3,499.68,1,2
1908,14959.0,64,4,695.42,0,2
1909,14960.0,8,2,221.27,0,2
1910,14961.0,11,9,7044.68,0,2
1911,14962.0,271,1,126.7,1,1
1912,14963.0,10,5,1487.8,0,2
1913,14964.0,247,1,206.21,1,1
1914,14965.0,96,2,599.0,0,2
1915,14966.0,15,1,191.32,0,2
1916,14967.0,50,1,463.8,0,2
1917,14968.0,30,1,147.59,0,2
1918,14970.0,68,4,1592.06,0,2
1919,14971.0,35,3,1116.57,0,2
1920,14972.0,128,1,114.77,0,2
1921,14973.0,107,3,1314.45,0,2
1922,14974.0,37,1,114.39,0,2
1923,14975.0,57,1,279.94,0,2
1924,14976.0,57,7,790.86,0,2
1925,14978.0,72,5,1931.42,0,2
1926,14981.0,246,1,102.12,1,1
1927,14984.0,19,2,213.27,0,2
1928,14985.0,198,2,296.75,1,1
1929,14987.0,16,2,326.4,0,2
1930,14988.0,212,1,334.54,1,1
1931,14995.0,39,2,233.23000000000002,0,2
1932,14997.0,46,3,546.1999999999999,0,2
1933,14998.0,170,2,429.87,1,1
1934,15000.0,48,1,490.52,0,2
1935,15002.0,116,4,1641.76,0,2
1936,15004.0,147,1,1246.32,1,2
1937,15005.0,16,28,6316.57,3,2
1938,15006.0,51,1,502.09,0,2
1939,15007.0,159,1,156.91,1,2
1940,15009.0,12,3,1261.78,0,2
1941,15010.0,36,1,308.94,0,2
1942,15012.0,54,2,423.04,0,2
1943,15014.0,43,2,260.17,0,2
1944,15016.0,173,1,170.04,1,1
1945,15017.0,34,1,125.58,0,2
1946,15018.0,39,3,496.21000000000004,0,2
1947,15019.0,267,1,266.0,1,1
1948,15021.0,9,9,1914.82,0,2
1949,15022.0,12,4,905.04,0,2
1950,15023.0,3,11,6802.76,0,2
1951,15024.0,10,10,1661.33,0,2
1952,15025.0,33,1,377.01,0,2
1953,15026.0,80,3,469.0,0,2
1954,15027.0,31,4,1066.1499999999999,0,2
1955,15028.0,8,4,627.13,0,2
1956,15030.0,72,2,518.28,0,2
1957,15031.0,4,4,668.14,0,2
1958,15032.0,256,3,4959.1,1,1
1959,15033.0,5,10,2586.67,0,2
1960,15034.0,16,8,4308.61,0,2
1961,15035.0,90,1,252.73000000000002,0,2
1962,15036.0,72,3,465.55,0,2
1963,15038.0,59,6,705.49,0,2
1964,15039.0,10,47,19914.44,3,4
1965,15041.0,170,1,180.35,1,1
1966,15042.0,199,1,135.93,1,1
1967,15043.0,31,1,537.0,0,2
1968,15044.0,19,17,7700.2300000000005,3,2
1969,15045.0,152,2,735.66,1,2
1970,15046.0,9,15,5213.7699999999995,3,2
1971,15047.0,270,1,343.62,1,1
1972,15048.0,65,4,384.05,0,2
1973,15049.0,274,1,121.17000000000002,1,1
1974,15050.0,25,3,1782.09,0,2
1975,15051.0,23,3,1391.61,0,2
1976,15052.0,319,1,215.78,1,1
1977,15053.0,5,3,697.79,0,2
1978,15054.0,12,2,302.1,0,2
1979,15057.0,275,2,1489.5,1,1
1980,15058.0,25,11,2124.9900000000002,0,2
1981,15059.0,41,9,1337.72,0,2
1982,15060.0,8,4,303.09,0,2
1983,15061.0,4,48,54534.14,3,4
1984,15062.0,71,4,987.86,0,2
1985,15063.0,213,1,370.79999999999995,1,1
1986,15065.0,38,4,3158.13,0,2
1987,15066.0,53,1,893.59,0,2
1988,15067.0,78,3,1744.76,0,2
1989,15068.0,46,2,553.36,0,2
1990,15069.0,179,1,1109.53,1,1
1991,15070.0,373,1,106.2,1,1
1992,15071.0,94,2,982.07,0,2
1993,15073.0,10,3,1043.41,0,2
1994,15074.0,105,1,748.87,0,2
1995,15075.0,78,1,773.03,0,2
1996,15076.0,173,1,880.85,1,1
1997,15078.0,7,32,9743.11,3,4
1998,15079.0,213,4,895.61,1,1
1999,15081.0,22,5,504.8,0,2
2000,15083.0,257,1,88.2,1,1
2001,15087.0,282,1,306.94,1,1
2002,15088.0,21,2,1160.07,0,2
2003,15089.0,10,6,2420.84,0,2
2004,15090.0,308,1,381.32,1,1
2005,15091.0,68,1,480.71,0,2
2006,15092.0,215,2,457.81,1,1
2007,15093.0,18,6,4597.02,0,2
2008,15095.0,104,4,1370.6,0,2
2009,15096.0,43,1,219.39000000000001,0,2
2010,15097.0,4,1,248.08,0,2
2011,15098.0,182,3,39916.5,3,4
2012,15099.0,84,1,410.48,0,2
2013,15100.0,334,3,876.0,1,1
2014,15101.0,9,2,317.53,0,2
2015,15103.0,31,2,703.36,0,2
2016,15104.0,197,2,1027.44,1,1
2017,15105.0,18,7,2298.93,0,2
2018,15106.0,18,5,1422.52,0,2
2019,15107.0,311,6,319.5,1,1
2020,15108.0,142,4,1300.25,0,2
2021,15109.0,246,1,484.95,1,1
2022,15110.0,24,4,996.1,0,2
2023,15111.0,29,3,1567.48,0,2
2024,15113.0,10,3,3609.33,0,2
2025,15114.0,30,10,2760.56,0,2
2026,15115.0,18,1,340.11,0,2
2027,15116.0,18,4,1352.75,0,2
2028,15117.0,15,5,1551.78,0,2
2029,15118.0,134,1,244.8,0,2
2030,15119.0,246,1,266.4,1,1
2031,15120.0,134,1,358.82,0,2
2032,15121.0,50,2,457.72,0,2
2033,15122.0,114,3,1633.78,0,2
2034,15123.0,7,2,2199.31,0,2
2035,15124.0,23,2,184.19,0,2
2036,15125.0,25,15,11528.48,3,2
2037,15127.0,66,1,406.53,0,2
2038,15128.0,60,4,1471.0,0,2
2039,15129.0,50,11,3447.4,0,2
2040,15130.0,170,1,330.11,1,1
2041,15132.0,18,5,977.9300000000001,0,2
2042,15133.0,128,3,982.42,0,2
2043,15134.0,15,8,1387.99,0,2
2044,15135.0,239,1,139.05,1,1
2045,15136.0,3,4,1286.7,0,2
2046,15139.0,240,2,178.96,1,1
2047,15140.0,52,7,2354.25,0,2
2048,15142.0,46,1,498.74,0,2
2049,15143.0,226,1,259.45,1,1
2050,15144.0,8,17,6580.44,3,2
2051,15145.0,4,4,1194.73,0,2
2052,15146.0,165,2,1327.16,1,2
2053,15147.0,240,1,623.5,1,1
2054,15148.0,11,1,301.29,0,2
2055,15149.0,134,1,520.8000000000001,0,2
2056,15150.0,17,10,5314.47,0,2
2057,15152.0,10,13,4745.69,0,2
2058,15153.0,31,1,329.25,0,2
2059,15154.0,75,1,296.42,0,2
2060,15156.0,1,3,961.49,0,2
2061,15157.0,4,3,1936.07,0,2
2062,15158.0,45,1,401.40000000000003,0,2
2063,15159.0,2,30,18641.010000000002,3,4
2064,15160.0,357,1,158.16,1,1
2065,15163.0,18,2,304.47,0,2
2066,15164.0,69,3,843.05,0,2
2067,15165.0,373,1,487.75,1,1
2068,15167.0,321,1,163.0,1,1
2069,15168.0,26,1,106.56,0,2
2070,15171.0,331,1,1289.5,1,1
2071,15172.0,9,5,1624.05,0,2
2072,15174.0,323,1,135.75,1,1
2073,15175.0,72,1,224.14,0,2
2074,15178.0,260,1,40.5,1,1
2075,15179.0,18,5,2206.95,0,2
2076,15180.0,367,1,87.5,1,1
2077,15181.0,66,3,689.4799999999999,0,2
2078,15182.0,154,2,622.85,1,2
2079,15184.0,29,2,406.76,0,2
2080,15185.0,70,1,310.62,0,2
2081,15186.0,14,2,411.41,0,2
2082,15187.0,2,16,4777.18,3,2
2083,15189.0,1,41,16225.39,3,4
2084,15192.0,120,3,1044.32,0,2
2085,15193.0,61,1,499.32,0,2
2086,15194.0,3,15,7616.53,3,2
2087,15195.0,3,1,3861.0,0,2
2088,15197.0,11,3,1079.6100000000001,0,2
2089,15198.0,92,2,193.64,0,2
2090,15199.0,59,4,1268.7,0,2
2091,15201.0,87,5,1236.54,0,2
2092,15203.0,26,6,1827.8,0,2
2093,15204.0,357,1,316.58,1,1
2094,15205.0,85,2,653.24,0,2
2095,15206.0,10,4,420.29999999999995,0,2
2096,15208.0,1,5,870.12,0,2
2097,15210.0,225,1,331.18,1,1
2098,15211.0,60,2,894.4100000000001,0,2
2099,15212.0,241,1,101.8,1,1
2100,15213.0,319,2,328.35,1,1
2101,15214.0,2,8,1661.44,0,2
2102,15215.0,47,3,734.94,0,2
2103,15216.0,88,1,96.6,0,2
2104,15218.0,11,11,5756.89,0,2
2105,15219.0,176,1,305.75,1,1
2106,15220.0,52,6,1778.96,0,2
2107,15221.0,366,1,403.25,1,1
2108,15222.0,319,1,585.0,1,1
2109,15223.0,226,2,755.75,1,1
2110,15224.0,358,2,322.08,1,1
2111,15225.0,234,1,409.40000000000003,1,1
2112,15226.0,311,1,154.41,1,1
2113,15227.0,37,5,1219.4,0,2
2114,15228.0,66,4,3386.71,0,2
2115,15230.0,239,2,429.6,1,1
2116,15232.0,113,2,612.06,0,2
2117,15234.0,277,1,197.0,1,1
2118,15235.0,218,12,2247.51,1,2
2119,15236.0,299,1,321.05,1,1
2120,15237.0,2,4,1412.32,0,2
2121,15238.0,29,3,1071.99,0,2
2122,15239.0,10,2,780.59,0,2
2123,15240.0,45,5,1706.57,0,2
2124,15241.0,67,8,1756.44,0,2
2125,15243.0,74,1,316.68,0,2
2126,15244.0,65,2,631.57,0,2
2127,15245.0,134,3,2515.84,0,2
2128,15246.0,238,2,514.15,1,1
2129,15247.0,122,1,356.0,0,2
2130,15249.0,32,13,6688.46,0,2
2131,15251.0,9,11,10484.99,0,2
2132,15252.0,36,2,740.78,0,2
2133,15253.0,16,5,918.1999999999999,0,2
2134,15254.0,127,1,300.36,0,2
2135,15255.0,67,1,890.85,0,2
2136,15256.0,149,1,98.45,1,2
2137,15257.0,283,1,317.15,1,1
2138,15258.0,169,2,623.16,1,1
2139,15260.0,100,7,1810.77,0,2
2140,15261.0,135,1,254.82,0,2
2141,15262.0,324,1,178.95000000000002,1,1
2142,15263.0,107,1,156.51,0,2
2143,15264.0,64,1,393.74,0,2
2144,15265.0,151,2,1506.1200000000001,1,2
2145,15266.0,338,1,119.3,1,1
2146,15267.0,22,5,1717.36,0,2
2147,15269.0,24,1,408.8,0,2
2148,15270.0,16,7,2379.49,0,2
2149,15271.0,7,15,2507.07,3,2
2150,15272.0,57,2,721.94,0,2
2151,15274.0,4,2,716.57,0,2
2152,15275.0,38,1,615.14,0,2
2153,15276.0,66,1,135.31,0,2
2154,15277.0,47,1,255.89999999999998,0,2
2155,15279.0,355,1,290.51,1,1
2156,15280.0,172,1,113.12,1,1
2157,15281.0,59,9,2332.15,0,2
2158,15286.0,50,1,240.55,0,2
2159,15287.0,22,2,486.69,0,2
2160,15288.0,43,5,2306.52,0,2
2161,15289.0,29,3,939.78,0,2
2162,15290.0,5,18,7943.22,3,2
2163,15291.0,26,15,4668.3,3,2
2164,15292.0,201,1,180.94,1,1
2165,15296.0,51,6,3672.86,0,2
2166,15297.0,10,3,641.94,0,2
2167,15298.0,2,12,4799.9,0,2
2168,15299.0,67,7,4507.01,0,2
2169,15300.0,64,1,496.44,0,2
2170,15301.0,51,12,5070.35,0,2
2171,15303.0,290,1,574.02,1,1
2172,15304.0,61,8,694.4000000000001,0,2
2173,15306.0,64,3,1174.35,0,2
2174,15307.0,96,1,205.3,0,2
2175,15308.0,274,1,310.47,1,1
2176,15311.0,1,91,60767.9,2,4
2177,15312.0,75,4,924.85,0,2
2178,15313.0,110,1,52.0,0,2
2179,15314.0,199,1,327.97,1,1
2180,15315.0,64,2,570.5,0,2
2181,15316.0,327,1,165.0,1,1
2182,15318.0,4,1,312.62,0,2
2183,15319.0,284,1,204.5,1,1
2184,15320.0,44,1,267.13,0,2
2185,15321.0,71,3,2748.31,0,2
2186,15322.0,86,1,679.68,0,2
2187,15325.0,104,1,162.29,0,2
2188,15326.0,334,1,311.71,1,1
2189,15327.0,53,1,208.75,0,2
2190,15329.0,39,3,1049.7,0,2
2191,15330.0,32,2,714.96,0,2
2192,15332.0,366,4,1661.06,1,1
2193,15333.0,208,1,1028.56,1,1
2194,15334.0,157,3,351.67,1,2
2195,15335.0,54,1,173.97,0,2
2196,15339.0,66,2,574.07,0,2
2197,15341.0,81,1,2020.52,0,2
2198,15342.0,130,1,406.09,0,2
2199,15343.0,87,1,364.5,0,2
2200,15344.0,1,3,563.94,0,2
2201,15345.0,46,1,393.54,0,2
2202,15346.0,333,1,252.42000000000002,1,1
2203,15347.0,366,1,201.60000000000002,1,1
2204,15348.0,72,1,158.04,0,2
2205,15349.0,158,2,473.81,1,2
2206,15350.0,373,1,115.65,1,1
2207,15351.0,12,7,1960.1100000000001,0,2
2208,15353.0,255,2,777.02,1,1
2209,15355.0,29,2,277.05,0,2
2210,15356.0,31,10,2766.5,0,2
2211,15358.0,5,22,8347.2,3,2
2212,15360.0,40,1,427.93,0,2
2213,15361.0,362,1,418.92,1,1
2214,15363.0,373,1,326.0,1,1
2215,15364.0,96,2,913.19,0,2
2216,15365.0,26,7,2314.32,0,2
2217,15366.0,75,2,602.51,0,2
2218,15367.0,57,4,1877.59,0,2
2219,15368.0,21,1,446.94000000000005,0,2
2220,15370.0,41,7,2386.05,0,2
2221,15372.0,137,1,2007.3999999999999,0,2
2222,15373.0,8,12,2415.91,0,2
2223,15374.0,129,1,168.0,0,2
2224,15376.0,40,3,1233.3600000000001,0,2
2225,15379.0,169,7,3703.29,1,1
2226,15380.0,9,5,1690.2600000000002,0,2
2227,15381.0,214,2,596.85,1,1
2228,15382.0,15,6,5955.71,0,2
2229,15384.0,170,2,642.41,1,1
2230,15385.0,40,1,316.88,0,2
2231,15386.0,186,1,394.14,1,1
2232,15388.0,270,1,140.54,1,1
2233,15389.0,172,1,500.0,1,1
2234,15392.0,5,4,1535.53,0,2
2235,15393.0,16,2,231.86,0,2
2236,15394.0,10,4,2183.54,0,2
2237,15395.0,326,1,107.45,1,1
2238,15396.0,113,1,288.18,0,2
2239,15397.0,290,1,94.0,1,1
2240,15398.0,16,2,1345.53,0,2
2241,15399.0,1,3,815.77,0,2
2242,15400.0,92,5,716.2,0,2
2243,15402.0,149,2,626.77,1,2
2244,15405.0,189,1,349.1,1,1
2245,15406.0,31,2,510.71000000000004,0,2
2246,15407.0,34,4,1056.44,0,2
2247,15408.0,264,1,267.18,1,1
2248,15410.0,84,8,3450.84,0,2
2249,15411.0,26,4,1358.88,0,2
2250,15412.0,171,1,190.53,1,1
2251,15414.0,10,3,774.9000000000001,0,2
2252,15415.0,313,1,572.8100000000001,1,1
2253,15416.0,65,4,3984.32,0,2
2254,15417.0,85,1,508.8,0,2
2255,15419.0,25,1,135.86,0,2
2256,15421.0,59,4,950.36,0,2
2257,15422.0,323,2,97.7,1,1
2258,15423.0,38,1,43.5,0,2
2259,15424.0,254,2,383.34,1,1
2260,15426.0,19,5,1447.39,0,2
2261,15427.0,33,3,1483.14,0,2
2262,15428.0,15,1,93.78,0,2
2263,15429.0,27,2,397.35,0,2
2264,15432.0,23,1,171.19,0,2
2265,15433.0,214,2,533.3,1,1
2266,15434.0,8,5,1041.48,0,2
2267,15435.0,22,1,149.29,0,2
2268,15436.0,12,3,1122.53,0,2
2269,15437.0,262,1,200.16,1,1
2270,15438.0,131,1,156.57999999999998,0,2
2271,15440.0,55,3,383.68,0,2
2272,15442.0,249,1,594.0,1,1
2273,15443.0,2,7,3236.91,0,2
2274,15444.0,9,2,1418.26,0,2
2275,15445.0,264,1,113.5,1,1
2276,15447.0,331,1,155.17,1,1
2277,15448.0,313,1,494.64,1,1
2278,15449.0,26,3,974.52,0,2
2279,15450.0,30,1,429.84,0,2
2280,15452.0,30,3,538.73,0,2
2281,15453.0,2,7,1388.37,0,2
2282,15454.0,362,1,179.1,1,1
2283,15456.0,283,3,447.22,1,1
2284,15457.0,262,1,237.07,1,1
2285,15458.0,25,1,161.64,0,2
2286,15460.0,354,1,216.76,1,1
2287,15462.0,94,3,234.6,0,2
2288,15463.0,29,1,126.14,0,2
2289,15464.0,338,1,1048.85,1,1
2290,15465.0,20,18,7354.62,3,2
2291,15466.0,85,1,334.53,0,2
2292,15467.0,9,3,524.88,0,2
2293,15468.0,51,2,467.51,0,2
2294,15469.0,50,2,538.55,0,2
2295,15471.0,2,1,469.48,0,2
2296,15472.0,113,1,371.56,0,2
2297,15473.0,14,7,1771.2,0,2
2298,15475.0,77,1,454.10999999999996,0,2
2299,15478.0,40,2,1441.42,0,2
2300,15480.0,116,1,905.5,0,2
2301,15482.0,16,12,11054.96,3,2
2302,15483.0,161,4,233.81,1,2
2303,15484.0,1,4,3594.31,0,2
2304,15485.0,30,3,2575.0,0,2
2305,15488.0,93,1,91.32000000000001,0,2
2306,15489.0,23,3,1134.28,0,2
2307,15491.0,95,6,3100.09,0,2
2308,15492.0,28,2,659.4599999999999,0,2
2309,15493.0,33,5,2001.8,0,2
2310,15494.0,21,2,1299.23,0,2
2311,15497.0,18,2,1262.2,0,2
2312,15498.0,3,27,13316.4,3,2
2313,15500.0,8,4,1131.56,0,2
2314,15502.0,16,12,10384.93,3,2
2315,15503.0,363,1,147.09,1,1
2316,15504.0,81,1,52.83,0,2
2317,15505.0,53,5,3610.96,0,2
2318,15506.0,23,3,979.26,0,2
2319,15507.0,172,1,492.36,1,1
2320,15508.0,189,6,1000.27,1,1
2321,15510.0,331,1,250.0,1,1
2322,15511.0,12,5,909.23,0,2
2323,15512.0,156,2,121.0,1,2
2324,15513.0,33,19,14758.220000000001,3,2
2325,15514.0,12,11,4139.46,0,2
2326,15516.0,45,3,62.43,0,2
2327,15517.0,233,1,267.03,1,1
2328,15518.0,64,8,1942.45,0,2
2329,15520.0,2,1,343.5,0,2
2330,15521.0,40,8,3000.2,0,2
2331,15522.0,33,2,398.84,0,2
2332,15523.0,84,1,412.01000000000005,0,2
2333,15524.0,25,1,440.0,0,2
2334,15525.0,2,3,825.92,0,2
2335,15526.0,33,2,148.44,0,2
2336,15527.0,19,8,2429.78,0,2
2337,15528.0,254,1,229.33,1,1
2338,15529.0,23,11,3995.23,0,2
2339,15530.0,22,4,1502.35,0,2
2340,15531.0,8,2,2007.44,0,2
2341,15532.0,25,4,1580.93,0,2
2342,15533.0,19,3,807.57,0,2
2343,15535.0,173,4,536.4,1,1
2344,15537.0,163,1,110.92,1,2
2345,15539.0,7,1,538.46,0,2
2346,15540.0,11,1,213.3,0,2
2347,15541.0,114,1,85.13000000000001,0,2
2348,15543.0,288,1,127.86,1,1
2349,15544.0,9,9,3546.71,0,2
2350,15545.0,54,2,292.71999999999997,0,2
2351,15547.0,7,14,4954.84,3,2
2352,15549.0,77,3,1693.26,0,2
2353,15550.0,4,4,575.63,0,2
2354,15551.0,37,1,436.06,0,2
2355,15552.0,217,1,90.12,1,1
2356,15553.0,60,1,437.23,0,2
2357,15554.0,278,1,217.2,1,1
2358,15555.0,12,16,4805.17,3,2
2359,15556.0,24,1,279.77,0,2
2360,15557.0,29,1,473.65000000000003,0,2
2361,15561.0,12,4,800.59,0,2
2362,15562.0,352,1,134.55,1,1
2363,15563.0,22,4,1400.44,0,2
2364,15565.0,50,2,173.16,0,2
2365,15567.0,19,1,186.01,0,2
2366,15568.0,3,3,758.29,0,2
2367,15569.0,104,5,1375.71,0,2
2368,15570.0,7,12,4165.52,0,2
2369,15571.0,12,4,650.4300000000001,0,2
2370,15572.0,5,7,2552.86,0,2
2371,15573.0,32,2,607.45,0,2
2372,15574.0,178,4,702.25,1,1
2373,15576.0,38,1,940.6700000000001,0,2
2374,15577.0,151,3,258.88,1,2
2375,15578.0,162,1,127.1,1,2
2376,15579.0,69,2,348.6,0,2
2377,15581.0,121,13,3679.9700000000003,0,2
2378,15582.0,25,3,682.9100000000001,0,2
2379,15584.0,24,4,725.11,0,2
2380,15585.0,177,1,455.3,1,1
2381,15587.0,50,4,913.6800000000001,0,2
2382,15589.0,256,3,478.53000000000003,1,1
2383,15592.0,47,1,388.58,0,2
2384,15593.0,71,1,199.8,0,2
2385,15594.0,16,5,1771.78,0,2
2386,15596.0,101,5,1406.59,0,2
2387,15597.0,35,1,324.57,0,2
2388,15598.0,53,1,240.68,0,2
2389,15599.0,27,2,761.74,0,2
2390,15601.0,11,14,6776.56,3,2
2391,15602.0,8,9,1297.8700000000001,0,2
2392,15603.0,79,1,48.480000000000004,0,2
2393,15604.0,52,1,216.39,0,2
2394,15605.0,36,5,1198.23,0,2
2395,15606.0,61,9,2920.16,0,2
2396,15607.0,337,1,104.76,1,1
2397,15608.0,28,4,1093.68,0,2
2398,15609.0,184,1,298.48,1,1
2399,15610.0,52,1,112.46000000000001,0,2
2400,15611.0,10,13,1591.45,0,2
2401,15612.0,36,2,195.15,0,2
2402,15615.0,10,23,10399.74,3,2
2403,15618.0,33,4,776.851,0,2
2404,15619.0,11,1,336.40000000000003,0,2
2405,15620.0,57,3,1553.18,0,2
2406,15621.0,4,4,1293.03,0,2
2407,15622.0,43,9,3709.56,0,2
2408,15623.0,141,1,301.03,0,2
2409,15624.0,117,4,588.13,0,2
2410,15625.0,104,4,1534.26,0,2
2411,15626.0,75,2,675.8,0,2
2412,15628.0,5,9,2870.2400000000002,0,2
2413,15630.0,45,2,1186.35,0,2
2414,15632.0,16,8,3285.31,0,2
2415,15634.0,17,1,243.55,0,2
2416,15636.0,90,2,724.76,0,2
2417,15637.0,53,1,223.36,0,2
2418,15639.0,134,1,425.32,0,2
2419,15640.0,4,15,12515.66,3,2
2420,15641.0,105,4,1887.2,0,2
2421,15643.0,192,3,664.0,1,1
2422,15644.0,166,4,813.0,1,1
2423,15645.0,19,1,612.01,0,2
2424,15646.0,158,3,447.64000000000004,1,2
2425,15648.0,204,2,657.35,1,1
2426,15649.0,336,2,816.0,1,1
2427,15651.0,37,3,646.3,0,2
2428,15652.0,91,1,337.74,0,2
2429,15653.0,93,2,877.4399999999999,0,2
2430,15654.0,9,2,922.53,0,2
2431,15655.0,243,1,560.67,1,1
2432,15656.0,45,4,748.5,0,2
2433,15657.0,23,1,30.0,0,2
2434,15658.0,190,5,1024.1000000000001,1,1
2435,15659.0,44,1,306.45,0,2
2436,15660.0,25,9,1600.86,0,2
2437,15661.0,317,2,309.8,1,1
2438,15663.0,106,1,138.14,0,2
2439,15664.0,51,1,386.43,0,2
2440,15665.0,168,2,2242.01,1,2
2441,15667.0,40,1,301.32,0,2
2442,15668.0,218,1,76.32000000000001,1,1
2443,15669.0,40,4,684.34,0,2
2444,15670.0,297,1,173.05,1,1
2445,15671.0,19,7,2657.13,0,2
2446,15673.0,88,4,2881.02,0,2
2447,15674.0,73,5,2446.6,0,2
2448,15675.0,81,3,323.69,0,2
2449,15676.0,19,3,3435.76,0,2
2450,15677.0,49,1,657.23,0,2
2451,15678.0,53,1,352.7,0,2
2452,15679.0,24,4,781.28,0,2
2453,15680.0,9,3,1333.68,0,2
2454,15681.0,25,5,1426.16,0,2
2455,15683.0,117,1,193.75,0,2
2456,15687.0,9,9,2993.1,0,2
2457,15689.0,120,2,254.1,0,2
2458,15690.0,4,2,239.76,0,2
2459,15691.0,252,1,136.8,1,1
2460,15692.0,28,1,191.04,0,2
2461,15694.0,1,14,6479.4,3,2
2462,15695.0,267,2,409.98,1,1
2463,15696.0,33,8,2736.46,0,2
2464,15699.0,18,1,309.65,0,2
2465,15700.0,172,2,696.68,1,1
2466,15701.0,2,4,1542.14,0,2
2467,15703.0,265,1,211.5,1,1
2468,15704.0,140,4,2293.62,0,2
2469,15705.0,201,1,143.1,1,1
2470,15706.0,64,4,1060.56,0,2
2471,15707.0,35,4,945.58,0,2
2472,15708.0,41,7,3364.2400000000002,0,2
2473,15709.0,284,1,133.25,1,1
2474,15712.0,9,5,1072.3600000000001,0,2
2475,15713.0,143,2,356.7,0,2
2476,15714.0,12,2,330.88,0,2
2477,15716.0,146,4,1118.81,0,2
2478,15717.0,234,1,150.3,1,1
2479,15719.0,33,13,5045.61,0,2
2480,15720.0,24,1,598.73,0,2
2481,15721.0,12,1,507.08,0,2
2482,15722.0,36,5,2222.56,0,2
2483,15723.0,365,1,203.1,1,1
2484,15724.0,201,2,218.25,1,1
2485,15725.0,15,1,415.25,0,2
2486,15727.0,17,7,5178.96,0,2
2487,15729.0,213,1,85.0,1,1
2488,15730.0,66,3,1120.88,0,2
2489,15732.0,212,2,294.12,1,1
2490,15733.0,283,1,162.3,1,1
2491,15734.0,115,2,1339.45,0,2
2492,15737.0,15,8,1205.1200000000001,0,2
2493,15738.0,19,16,4812.42,3,2
2494,15739.0,66,1,449.12,0,2
2495,15740.0,49,1,154.88,0,2
2496,15743.0,16,4,784.46,0,2
2497,15744.0,78,1,34.8,0,2
2498,15745.0,19,4,1094.59,0,2
2499,15746.0,134,1,196.88,0,2
2500,15747.0,13,3,974.04,0,2
2501,15748.0,40,1,149.31,0,2
2502,15749.0,235,3,44534.3,3,4
2503,15750.0,3,8,2465.48,0,2
2504,15752.0,40,7,2637.38,0,2
2505,15753.0,305,1,79.2,1,1
2506,15754.0,51,3,458.57,0,2
2507,15755.0,10,6,2364.25,0,2
2508,15756.0,61,4,532.96,0,2
2509,15757.0,66,2,714.42,0,2
2510,15758.0,25,1,205.25,0,2
2511,15759.0,218,3,253.04,1,1
2512,15762.0,65,2,583.75,0,2
2513,15763.0,32,2,1086.92,0,2
2514,15764.0,88,6,3279.97,0,2
2515,15766.0,64,1,315.06,0,2
2516,15768.0,116,3,621.8299999999999,0,2
2517,15769.0,7,26,56252.72,3,4
2518,15773.0,6,1,635.6800000000001,0,2
2519,15774.0,69,1,270.8,0,2
2520,15775.0,245,1,104.9,1,1
2521,15776.0,133,1,241.62,0,2
2522,15777.0,241,4,1047.11,1,1
2523,15780.0,184,3,475.28000000000003,1,1
2524,15781.0,25,3,345.46,0,2
2525,15782.0,10,3,2614.7400000000002,0,2
2526,15783.0,11,1,246.3,0,2
2527,15785.0,33,5,2328.9700000000003,0,2
2528,15786.0,46,3,4932.2,0,2
2529,15787.0,26,3,948.05,0,2
2530,15789.0,358,1,351.3,1,1
2531,15790.0,10,1,220.85,0,2
2532,15791.0,44,2,1612.69,0,2
2533,15793.0,15,3,965.61,0,2
2534,15795.0,150,1,610.01,1,2
2535,15796.0,1,8,2711.56,0,2
2536,15797.0,113,4,2207.4,0,2
2537,15799.0,76,3,884.14,0,2
2538,15800.0,107,2,699.08,0,2
2539,15801.0,46,3,1063.95,0,2
2540,15802.0,143,1,451.42,1,2
2541,15803.0,51,1,415.82000000000005,0,2
2542,15804.0,1,13,4206.39,0,2
2543,15805.0,23,17,5528.4800000000005,3,2
2544,15806.0,46,3,784.58,0,2
2545,15807.0,50,3,903.9,0,2
2546,15808.0,306,4,3734.9700000000003,1,1
2547,15809.0,36,5,515.77,0,2
2548,15810.0,79,4,1391.98,0,2
2549,15811.0,22,6,2218.62,0,2
2550,15812.0,107,5,1801.14,0,2
2551,15813.0,208,2,1303.9099999999999,1,1
2552,15814.0,17,4,1945.33,0,2
2553,15815.0,64,5,2100.6,0,2
2554,15819.0,49,4,1905.45,0,2
2555,15820.0,320,1,206.98,1,1
2556,15821.0,44,2,570.96,0,2
2557,15822.0,3,2,885.47,0,2
2558,15823.0,372,1,15.0,1,1
2559,15825.0,172,1,532.94,1,1
2560,15826.0,56,3,1654.31,0,2
2561,15827.0,73,14,1836.0900000000001,0,2
2562,15829.0,99,2,636.14,0,2
2563,15830.0,38,1,576.0,0,2
2564,15831.0,58,3,801.76,0,2
2565,15832.0,254,1,836.79,1,1
2566,15834.0,70,4,2233.75,0,2
2567,15835.0,44,4,954.09,0,2
2568,15836.0,50,1,137.37,0,2
2569,15837.0,65,1,391.98,0,2
2570,15838.0,11,19,33643.08,3,4
2571,15839.0,33,3,1048.49,0,2
2572,15840.0,59,2,355.56,0,2
2573,15841.0,73,4,1224.06,0,2
2574,15843.0,304,1,118.95000000000002,1,1
2575,15844.0,46,1,130.73999999999998,0,2
2576,15845.0,18,8,3711.77,0,2
2577,15847.0,38,2,389.27,0,2
2578,15850.0,19,2,238.85,0,2
2579,15852.0,187,2,160.71,1,1
2580,15853.0,52,1,110.8,0,2
2581,15854.0,4,12,2974.65,0,2
2582,15855.0,137,5,712.24,0,2
2583,15856.0,4,27,16387.57,3,4
2584,15857.0,19,1,297.0,0,2
2585,15858.0,16,5,1438.85,0,2
2586,15860.0,41,8,977.21,0,2
2587,15861.0,12,8,3165.36,0,2
2588,15862.0,8,4,832.88,0,2
2589,15863.0,26,2,68.84,0,2
2590,15864.0,22,6,1936.3200000000002,0,2
2591,15865.0,41,3,895.13,0,2
2592,15866.0,101,1,230.53,0,2
2593,15867.0,5,15,3812.64,3,2
2594,15869.0,277,2,149.64,1,1
2595,15870.0,33,1,354.09000000000003,0,2
2596,15872.0,15,2,360.93,0,2
2597,15874.0,64,7,4405.88,0,2
2598,15877.0,2,2,493.28,0,2
2599,15880.0,369,1,343.28000000000003,1,1
2600,15881.0,312,5,501.39000000000004,1,1
2601,15882.0,199,4,516.36,1,1
2602,15883.0,2,2,396.48,0,2
2603,15885.0,93,3,379.35,0,2
2604,15886.0,60,1,181.09,0,2
2605,15888.0,81,1,168.31,0,2
2606,15889.0,157,2,446.87,1,2
2607,15891.0,227,1,524.52,1,1
2608,15894.0,253,2,263.55,1,1
2609,15895.0,150,1,179.17,1,2
2610,15897.0,194,2,222.05,1,1
2611,15898.0,1,5,1388.88,0,2
2612,15899.0,369,1,56.25,1,1
2613,15900.0,24,1,351.11,0,2
2614,15901.0,17,3,363.88,0,2
2615,15903.0,10,7,5126.76,0,2
2616,15904.0,8,1,164.68,0,2
2617,15906.0,20,7,1567.69,0,2
2618,15907.0,4,3,967.45,0,2
2619,15909.0,174,1,191.94,1,1
2620,15910.0,1,8,1232.18,0,2
2621,15912.0,178,2,264.62,1,1
2622,15916.0,16,8,1528.09,0,2
2623,15917.0,248,1,123.1,1,1
2624,15918.0,191,2,334.23,1,1
2625,15919.0,20,2,639.89,0,2
2626,15920.0,154,4,167.5,1,2
2627,15921.0,173,1,336.03000000000003,1,1
2628,15922.0,373,1,369.5,1,1
2629,15923.0,373,1,127.08,1,1
2630,15925.0,194,1,207.15,1,1
2631,15930.0,67,1,426.63,0,2
2632,15932.0,4,8,2495.87,0,2
2633,15933.0,21,3,1107.46,0,2
2634,15935.0,239,2,416.86,1,1
2635,15937.0,64,1,145.35,0,2
2636,15938.0,112,5,404.58,0,2
2637,15939.0,90,15,6115.01,3,2
2638,15940.0,311,1,35.8,1,1
2639,15942.0,134,1,337.44,0,2
2640,15944.0,277,1,325.1,1,1
2641,15945.0,365,1,181.0,1,1
2642,15947.0,83,1,1708.24,0,2
2643,15948.0,8,2,955.24,0,2
2644,15949.0,17,2,364.72,0,2
2645,15950.0,32,4,1765.51,0,2
2646,15951.0,9,2,708.22,0,2
2647,15952.0,34,4,806.57,0,2
2648,15953.0,15,8,1659.3799999999999,0,2
2649,15955.0,24,14,4416.26,0,2
2650,15957.0,32,1,428.89,0,2
2651,15958.0,74,1,104.35,0,2
2652,15963.0,20,2,470.76,0,2
2653,15965.0,17,4,845.64,0,2
2654,15967.0,23,2,418.83,0,2
2655,15969.0,3,3,666.1,0,2
2656,15970.0,304,1,314.1,1,1
2657,15971.0,18,12,4199.85,0,2
2658,15973.0,367,1,307.82000000000005,1,1
2659,15974.0,39,7,3442.15,0,2
2660,15975.0,84,1,371.01,0,2
2661,15976.0,165,2,430.94,1,1
2662,15977.0,17,2,1054.73,0,2
2663,15978.0,77,1,1098.78,0,2
2664,15980.0,89,3,2398.86,0,2
2665,15981.0,25,8,3408.48,0,2
2666,15983.0,22,4,1475.02,0,2
2667,15984.0,3,10,2837.67,0,2
2668,15985.0,123,2,1142.42,0,2
2669,15986.0,30,1,168.12,0,2
2670,15987.0,12,7,1451.28,0,2
2671,15988.0,19,1,158.03,0,2
2672,15990.0,44,2,792.11,0,2
2673,15992.0,4,1,41.989999999999995,0,2
2674,15993.0,9,7,2797.57,0,2
2675,15994.0,55,1,427.07,0,2
2676,15996.0,88,6,1060.68,0,2
2677,15998.0,37,5,3089.97,0,2
2678,16000.0,3,3,12393.7,0,2
2679,16003.0,30,5,2735.37,0,2
2680,16005.0,12,4,615.39,0,2
2681,16006.0,211,1,101.4,1,1
2682,16007.0,48,4,1701.94,0,2
2683,16008.0,24,3,478.78,0,2
2684,16009.0,22,4,992.71,0,2
2685,16010.0,246,3,407.5,1,1
2686,16011.0,8,16,3362.71,3,2
2687,16012.0,35,3,1415.29,0,2
2688,16013.0,4,47,37130.6,3,4
2689,16014.0,38,3,662.38,0,2
2690,16015.0,4,3,705.39,0,2
2691,16016.0,3,8,1508.76,0,2
2692,16017.0,47,1,211.88,0,2
2693,16018.0,39,2,408.90000000000003,0,2
2694,16019.0,47,9,3786.2400000000002,0,2
2695,16020.0,17,3,851.01,0,2
2696,16022.0,260,1,628.28,1,1
2697,16023.0,46,3,719.81,0,2
2698,16024.0,12,1,251.24,0,2
2699,16025.0,30,1,439.65999999999997,0,2
2700,16026.0,43,1,236.09,0,2
2701,16027.0,92,6,934.62,0,2
2702,16029.0,39,63,81024.84,2,3
2703,16030.0,310,1,331.24,1,1
2704,16031.0,92,2,548.94,0,2
2705,16033.0,6,20,8816.4,3,2
2706,16034.0,196,3,437.7,1,1
2707,16036.0,87,2,758.92,0,2
2708,16037.0,270,3,855.02,1,1
2709,16038.0,8,3,471.78000000000003,0,2
2710,16040.0,65,3,1313.55,0,2
2711,16041.0,31,3,3166.4,0,2
2712,16042.0,22,5,1197.27,0,2
2713,16043.0,38,4,773.99,0,2
2714,16045.0,120,4,1340.7,0,2
2715,16048.0,373,2,256.44,1,1
2716,16049.0,40,3,1111.79,0,2
2717,16050.0,174,1,137.9,1,1
2718,16052.0,54,1,362.06,0,2
2719,16053.0,33,2,1511.95,0,2
2720,16054.0,145,1,783.9,1,2
2721,16055.0,221,1,134.8,1,1
2722,16056.0,45,1,664.85,0,2
2723,16057.0,16,7,2263.12,0,2
2724,16059.0,66,6,1459.8600000000001,0,2
2725,16062.0,10,4,1153.62,0,2
2726,16063.0,260,1,335.32,1,1
2727,16065.0,365,1,372.09,1,1
2728,16066.0,17,5,1521.87,0,2
2729,16070.0,22,2,852.15,0,2
2730,16071.0,45,1,326.24,0,2
2731,16072.0,288,1,584.3199999999999,1,1
2732,16073.0,297,1,122.39999999999999,1,1
2733,16076.0,3,10,2234.73,0,2
2734,16078.0,284,1,79.2,1,1
2735,16079.0,17,3,1352.0,0,2
2736,16080.0,82,2,217.16,0,2
2737,16081.0,56,5,2806.9,0,2
2738,16083.0,101,2,1317.62,0,2
2739,16084.0,299,1,436.18,1,1
2740,16085.0,23,5,981.51,0,2
2741,16086.0,59,5,1121.39,0,2
2742,16091.0,155,2,315.06,1,2
2743,16092.0,115,3,817.86,0,2
2744,16093.0,107,1,17.0,0,2
2745,16094.0,12,4,1078.23,0,2
2746,16096.0,264,1,320.62,1,1
2747,16097.0,240,1,185.04999999999998,1,1
2748,16098.0,88,7,2005.63,0,2
2749,16099.0,50,3,731.9,0,2
2750,16101.0,71,1,1290.7,0,2
2751,16102.0,42,3,1842.14,0,2
2752,16103.0,7,6,1429.64,0,2
2753,16104.0,62,1,302.36,0,2
2754,16105.0,249,1,336.96,1,1
2755,16106.0,66,1,108.38,0,2
2756,16107.0,18,7,3204.1600000000003,0,2
2757,16108.0,85,1,842.5,0,2
2758,16109.0,219,2,611.88,1,1
2759,16110.0,45,3,1337.48,0,2
2760,16112.0,143,4,195.73999999999998,0,2
2761,16113.0,183,1,161.38,1,1
2762,16114.0,171,1,135.75000000000003,1,1
2763,16115.0,10,8,1667.97,0,2
2764,16116.0,212,1,612.78,1,1
2765,16117.0,190,1,232.21,1,1
2766,16119.0,8,2,423.36,0,2
2767,16120.0,59,4,1309.14,0,2
2768,16121.0,57,2,867.11,0,2
2769,16122.0,73,4,684.4200000000001,0,2
2770,16123.0,52,1,307.78,0,2
2771,16124.0,317,1,249.0,1,1
2772,16125.0,367,1,289.35,1,1
2773,16126.0,29,4,6287.77,0,2
2774,16127.0,39,1,656.25,0,2
2775,16128.0,18,5,1880.22,0,2
2776,16131.0,52,6,3506.54,0,2
2777,16133.0,4,33,14589.04,3,4
2778,16134.0,22,2,618.09,0,2
2779,16135.0,263,1,517.55,1,1
2780,16136.0,60,3,709.38,0,2
2781,16139.0,19,3,635.41,0,2
2782,16140.0,66,2,725.18,0,2
2783,16141.0,88,1,620.4,0,2
2784,16142.0,250,1,535.34,1,1
2785,16143.0,3,6,2424.94,0,2
2786,16144.0,247,1,175.2,1,1
2787,16145.0,9,11,3799.4900000000002,0,2
2788,16146.0,157,3,734.13,1,2
2789,16147.0,134,1,375.0,0,2
2790,16148.0,296,1,76.32000000000001,1,1
2791,16149.0,5,2,280.52,0,2
2792,16150.0,43,5,2053.02,0,2
2793,16152.0,269,1,1829.04,1,1
2794,16153.0,50,5,1824.23,0,2
2795,16156.0,9,9,3122.04,0,2
2796,16157.0,16,3,656.69,0,2
2797,16159.0,282,1,348.2,1,1
2798,16160.0,65,2,1025.44,0,2
2799,16161.0,2,19,5575.56,3,2
2800,16162.0,252,1,37.4,1,1
2801,16163.0,232,2,856.6,1,1
2802,16164.0,17,3,822.48,0,2
2803,16168.0,11,27,3787.6,3,2
2804,16169.0,8,4,1822.97,0,2
2805,16170.0,51,6,1885.05,0,2
2806,16171.0,59,1,73.2,0,2
2807,16172.0,95,5,1140.21,0,2
2808,16173.0,16,6,1418.32,0,2
2809,16174.0,126,3,1009.5500000000001,0,2
2810,16175.0,94,4,1037.59,0,2
2811,16177.0,50,1,331.95,0,2
2812,16178.0,138,1,197.9,0,2
2813,16179.0,61,1,215.83,0,2
2814,16180.0,100,8,10254.18,0,2
2815,16181.0,73,1,305.54,0,2
2816,16182.0,72,4,6617.65,0,2
2817,16183.0,67,1,338.71000000000004,0,2
2818,16184.0,64,6,1158.79,0,2
2819,16185.0,17,2,529.41,0,2
2820,16186.0,23,12,4006.94,0,2
2821,16187.0,32,15,6911.4400000000005,3,2
2822,16188.0,45,4,981.86,0,2
2823,16189.0,16,2,215.48,0,2
2824,16190.0,40,1,215.08,0,2
2825,16191.0,3,13,5180.52,0,2
2826,16193.0,237,1,314.45,1,1
2827,16198.0,75,1,400.68100000000004,0,2
2828,16200.0,4,2,1080.6200000000001,0,2
2829,16201.0,3,4,1863.47,0,2
2830,16202.0,361,1,365.27,1,1
2831,16203.0,59,4,592.9,0,2
2832,16204.0,23,1,405.71,0,2
2833,16205.0,31,4,761.38,0,2
2834,16206.0,55,4,537.0600000000001,0,2
2835,16207.0,25,1,394.38,0,2
2836,16208.0,45,2,664.26,0,2
2837,16209.0,89,5,2262.62,0,2
2838,16210.0,2,18,21086.3,3,2
2839,16211.0,89,1,547.02,0,2
2840,16212.0,19,2,690.34,0,2
2841,16213.0,79,1,159.0,0,2
2842,16214.0,171,3,1062.75,1,1
2843,16215.0,81,1,242.35,0,2
2844,16216.0,267,1,914.9300000000001,1,1
2845,16217.0,235,2,304.25,1,1
2846,16218.0,30,7,3084.68,0,2
2847,16221.0,37,3,864.86,0,2
2848,16222.0,318,1,846.72,1,1
2849,16224.0,57,4,1295.3,0,2
2850,16225.0,45,5,1096.32,0,2
2851,16226.0,203,3,255.12,1,1
2852,16227.0,225,1,314.22,1,1
2853,16229.0,87,2,1010.6,0,2
2854,16230.0,190,2,542.03,1,1
2855,16232.0,44,4,990.88,0,2
2856,16233.0,71,3,536.6800000000001,0,2
2857,16235.0,41,5,867.31,0,2
2858,16236.0,78,1,432.2,0,2
2859,16239.0,57,2,414.2,0,2
2860,16240.0,24,2,3718.8,0,2
2861,16241.0,10,13,2607.87,0,2
2862,16242.0,8,7,3603.21,0,2
2863,16243.0,34,2,409.1,0,2
2864,16244.0,212,2,1522.75,1,1
2865,16245.0,24,3,1413.66,0,2
2866,16247.0,170,1,114.56,1,1
2867,16248.0,62,1,152.94,0,2
2868,16249.0,53,5,1800.07,0,2
2869,16250.0,261,2,389.44,1,1
2870,16253.0,67,2,3683.86,0,2
2871,16255.0,17,8,2619.91,0,2
2872,16256.0,267,1,752.4300000000001,1,1
2873,16257.0,177,1,46.95,1,1
2874,16258.0,45,5,5203.51,0,2
2875,16260.0,51,1,1035.45,0,2
2876,16261.0,17,4,746.83,0,2
2877,16265.0,9,9,5447.0,0,2
2878,16266.0,74,7,861.89,0,2
2879,16268.0,71,2,667.65,0,2
2880,16270.0,353,1,1141.24,1,1
2881,16271.0,3,5,1429.24,0,2
2882,16272.0,117,1,411.7,0,2
2883,16274.0,373,1,357.95,1,1
2884,16275.0,197,1,559.87,1,1
2885,16276.0,177,1,810.6000000000001,1,1
2886,16278.0,100,1,566.38,0,2
2887,16279.0,21,3,1509.58,0,2
2888,16281.0,72,1,2062.06,0,2
2889,16282.0,340,1,168.3,1,1
2890,16283.0,6,5,1570.81,0,2
2891,16284.0,31,2,823.97,0,2
2892,16287.0,170,1,142.5,1,1
2893,16292.0,122,1,302.25,0,2
2894,16293.0,22,10,2248.9900000000002,0,2
2895,16295.0,10,4,1328.55,0,2
2896,16297.0,269,1,301.9,1,1
2897,16298.0,23,3,598.2,0,2
2898,16302.0,127,1,233.22,0,2
2899,16303.0,26,3,5360.63,0,2
2900,16305.0,139,1,361.21999999999997,0,2
2901,16306.0,214,6,632.27,1,1
2902,16308.0,38,4,2560.0,0,2
2903,16309.0,106,2,706.57,0,2
2904,16311.0,18,2,616.26,0,2
2905,16313.0,3,2,274.15000000000003,0,2
2906,16315.0,331,1,226.37,1,1
2907,16316.0,64,8,2938.91,0,2
2908,16317.0,120,3,1341.65,0,2
2909,16318.0,35,1,328.15,0,2
2910,16319.0,218,1,404.40000000000003,1,1
2911,16320.0,172,2,1038.46,1,1
2912,16321.0,72,5,373.65000000000003,0,2
2913,16322.0,1,2,326.75,0,2
2914,16323.0,196,1,207.50000000000003,1,1
2915,16324.0,128,3,428.68,0,2
2916,16325.0,47,3,594.24,0,2
2917,16326.0,6,14,3110.96,0,2
2918,16327.0,14,6,3844.22,0,2
2919,16330.0,18,3,251.91,0,2
2920,16332.0,28,7,1593.2,0,2
2921,16333.0,8,22,26626.8,3,4
2922,16337.0,37,1,151.05,0,2
2923,16338.0,157,1,214.79999999999998,1,2
2924,16339.0,284,1,109.95,1,1
2925,16340.0,107,1,549.07,0,2
2926,16341.0,25,4,1971.87,0,2
2927,16342.0,75,4,322.41,0,2
2928,16343.0,16,2,370.47999999999996,0,2
2929,16344.0,158,1,101.10000000000001,1,2
2930,16345.0,44,1,575.41,0,2
2931,16347.0,11,2,887.65,0,2
2932,16348.0,32,7,1469.45,0,2
2933,16349.0,291,1,53.5,1,1
2934,16350.0,21,4,1116.47,0,2
2935,16351.0,333,1,153.9,1,1
2936,16352.0,18,2,494.44,0,2
2937,16353.0,4,23,6675.71,3,2
2938,16354.0,63,2,395.8,0,2
2939,16356.0,198,3,211.77,1,1
2940,16357.0,33,3,658.88,0,2
2941,16358.0,1,4,2027.5,0,2
2942,16359.0,7,9,1750.92,0,2
2943,16360.0,5,6,3512.53,0,2
2944,16361.0,10,4,896.66,0,2
2945,16362.0,32,5,734.77,0,2
2946,16363.0,53,1,109.36000000000001,0,2
2947,16364.0,12,2,707.04,0,2
2948,16365.0,18,9,1540.42,0,2
2949,16366.0,19,1,327.3,0,2
2950,16367.0,37,2,804.49,0,2
2951,16368.0,2,2,497.43,0,2
2952,16369.0,18,3,1553.66,0,2
2953,16370.0,82,4,1320.56,0,2
2954,16372.0,33,2,367.93,0,2
2955,16374.0,66,2,473.03000000000003,0,2
2956,16376.0,9,2,987.01,0,2
2957,16377.0,267,1,676.2,1,1
2958,16378.0,247,3,362.95,1,1
2959,16379.0,4,4,2157.4,0,2
2960,16380.0,61,1,1780.59,0,2
2961,16383.0,75,2,668.36,0,2
2962,16384.0,90,2,584.5,0,2
2963,16385.0,60,3,555.89,0,2
2964,16386.0,29,2,317.2,0,2
2965,16387.0,323,1,94.36,1,1
2966,16389.0,53,4,1382.07,0,2
2967,16392.0,270,1,221.19,1,1
2968,16393.0,2,13,3046.21,0,2
2969,16394.0,57,5,1555.34,0,2
2970,16395.0,61,5,1486.9,0,2
2971,16398.0,154,2,1705.8,1,2
2972,16399.0,19,2,408.57,0,2
2973,16400.0,95,1,303.93,0,2
2974,16401.0,1,12,4098.32,0,2
2975,16402.0,265,2,299.6,1,1
2976,16403.0,312,1,177.5,1,1
2977,16404.0,70,1,443.05,0,2
2978,16405.0,302,2,167.25,1,1
2979,16406.0,19,1,163.07,0,2
2980,16407.0,13,10,2126.93,0,2
2981,16409.0,36,5,2028.88,0,2
2982,16411.0,19,2,214.65,0,2
2983,16412.0,54,1,151.83,0,2
2984,16413.0,57,1,262.2,0,2
2985,16414.0,22,2,126.25,0,2
2986,16415.0,44,1,210.35,0,2
2987,16416.0,27,3,1051.4,0,2
2988,16418.0,45,3,675.27,0,2
2989,16419.0,113,6,972.23,0,2
2990,16422.0,17,51,34684.4,3,4
2991,16423.0,25,1,346.12,0,2
2992,16424.0,191,1,133.56,1,1
2993,16425.0,302,1,302.7,1,1
2994,16426.0,2,10,1908.25,0,2
2995,16427.0,263,2,241.06,1,1
2996,16429.0,106,1,284.55,0,2
2997,16430.0,57,1,300.85,0,2
2998,16431.0,213,3,642.81,1,1
2999,16432.0,64,1,287.4,0,2
3000,16433.0,28,1,184.26,0,2
3001,16434.0,29,7,1522.25,0,2
3002,16438.0,6,5,798.35,0,2
3003,16440.0,8,5,3640.67,0,2
3004,16441.0,67,2,381.2,0,2
3005,16442.0,2,3,616.79,0,2
3006,16444.0,46,4,654.67,0,2
3007,16445.0,34,1,230.51,0,2
3008,16446.0,1,2,168472.5,2,3
3009,16447.0,136,1,259.01,0,2
3010,16448.0,198,1,188.89000000000001,1,1
3011,16449.0,198,2,707.69,1,1
3012,16450.0,150,1,311.92,1,2
3013,16451.0,88,1,266.97,0,2
3014,16454.0,45,2,6.9,0,2
3015,16455.0,64,7,1841.18,0,2
3016,16456.0,99,5,2158.37,0,2
3017,16457.0,218,1,208.36,1,1
3018,16458.0,3,18,3482.7400000000002,3,2
3019,16460.0,28,3,814.72,0,2
3020,16461.0,178,1,151.42,1,1
3021,16462.0,74,3,136.0,0,2
3022,16463.0,21,4,1422.4,0,2
3023,16464.0,20,3,1314.68,0,2
3024,16466.0,34,7,1603.46,0,2
3025,16468.0,74,1,74.9,0,2
3026,16469.0,24,4,650.43,0,2
3027,16470.0,52,4,762.39,0,2
3028,16471.0,275,1,223.95000000000002,1,1
3029,16473.0,165,3,316.11,1,1
3030,16474.0,7,7,1871.5,0,2
3031,16475.0,88,4,544.3,0,2
3032,16477.0,64,7,2494.46,0,2
3033,16478.0,25,3,331.0,0,2
3034,16479.0,10,2,300.83,0,2
3035,16480.0,76,1,769.29,0,2
3036,16482.0,16,1,220.62,0,2
3037,16483.0,192,1,139.35,1,1
3038,16484.0,174,2,404.3,1,1
3039,16485.0,77,1,363.65,0,2
3040,16488.0,33,3,498.8,0,2
3041,16491.0,47,1,731.5,0,2
3042,16493.0,80,4,1351.63,0,2
3043,16494.0,297,1,826.53,1,1
3044,16495.0,3,3,684.41,0,2
3045,16496.0,9,3,1599.52,0,2
3046,16497.0,50,6,2965.69,0,2
3047,16498.0,161,2,100.97,1,2
3048,16499.0,360,2,365.45,1,1
3049,16500.0,5,6,400.86,0,2
3050,16503.0,107,4,1431.93,0,2
3051,16504.0,25,1,484.38,0,2
3052,16505.0,32,1,777.6,0,2
3053,16506.0,20,2,90.30000000000001,0,2
3054,16509.0,297,1,363.7,1,1
3055,16510.0,372,1,248.1,1,1
3056,16511.0,22,3,950.26,0,2
3057,16513.0,5,4,874.59,0,2
3058,16515.0,52,5,1627.13,0,2
3059,16516.0,30,1,101.69999999999999,0,2
3060,16517.0,277,1,162.7,1,1
3061,16518.0,61,2,484.32,0,2
3062,16519.0,25,2,215.07999999999998,0,2
3063,16520.0,186,3,1046.57,1,1
3064,16523.0,2,21,9418.470000000001,3,2
3065,16525.0,2,26,13027.45,3,2
3066,16526.0,172,1,290.36,1,1
3067,16527.0,81,1,228.06,0,2
3068,16528.0,4,1,244.41,0,2
3069,16529.0,190,1,455.25,1,1
3070,16531.0,22,7,1244.59,0,2
3071,16532.0,18,3,6748.8,0,2
3072,16533.0,19,3,1095.56,0,2
3073,16535.0,5,1,593.75,0,2
3074,16536.0,110,1,548.97,0,2
3075,16539.0,3,4,1388.81,0,2
3076,16542.0,54,1,119.62,0,2
3077,16545.0,165,1,339.3,1,2
3078,16546.0,291,2,787.15,1,1
3079,16549.0,10,10,4154.64,0,2
3080,16550.0,109,5,2298.97,0,2
3081,16551.0,96,3,922.12,0,2
3082,16552.0,243,2,379.73,1,1
3083,16553.0,163,12,5719.82,0,2
3084,16554.0,42,3,837.1,0,2
3085,16555.0,35,2,285.89,0,2
3086,16556.0,67,7,3313.79,0,2
3087,16557.0,24,2,281.85,0,2
3088,16558.0,1,20,8338.49,3,2
3089,16560.0,27,2,841.41,0,2
3090,16561.0,6,2,511.12,0,2
3091,16563.0,54,1,1077.74,0,2
3092,16565.0,364,1,173.7,1,1
3093,16566.0,15,5,614.66,0,2
3094,16567.0,194,2,865.6,1,1
3095,16569.0,3,1,124.2,0,2
3096,16570.0,15,10,3738.4,0,2
3097,16571.0,27,3,1421.69,0,2
3098,16572.0,127,3,1009.6,0,2
3099,16573.0,85,2,663.61,0,2
3100,16574.0,71,1,451.44,0,2
3101,16581.0,183,1,105.84,1,1
3102,16582.0,113,1,313.62,0,2
3103,16583.0,374,1,233.45,1,1
3104,16584.0,80,2,936.08,0,2
3105,16586.0,249,1,463.95,1,1
3106,16587.0,232,1,225.15,1,1
3107,16589.0,71,3,459.24,0,2
3108,16591.0,69,1,213.5,0,2
3109,16592.0,4,16,4113.68,3,2
3110,16593.0,51,3,330.03,0,2
3111,16594.0,75,1,181.09,0,2
3112,16595.0,61,1,360.16,0,2
3113,16596.0,16,2,250.15,0,2
3114,16597.0,4,1,90.04,0,2
3115,16598.0,286,1,145.04999999999998,1,1
3116,16600.0,4,6,813.52,0,2
3117,16601.0,41,1,244.79999999999998,0,2
3118,16602.0,36,1,528.08,0,2
3119,16603.0,75,2,482.47,0,2
3120,16607.0,18,14,3347.71,0,2
3121,16609.0,15,7,5493.46,0,2
3122,16610.0,219,1,75.66,1,1
3123,16611.0,186,1,129.49,1,1
3124,16612.0,33,4,1187.66,0,2
3125,16613.0,70,1,618.59,0,2
3126,16614.0,183,1,506.19,1,1
3127,16616.0,15,2,500.42,0,2
3128,16617.0,236,1,151.85,1,1
3129,16618.0,31,5,2647.59,0,2
3130,16619.0,264,1,226.21,1,1
3131,16620.0,4,2,178.96,0,2
3132,16621.0,52,4,813.48,0,2
3133,16623.0,246,1,129.45,1,1
3134,16624.0,81,2,810.5699999999999,0,2
3135,16625.0,275,1,333.08,1,1
3136,16626.0,1,17,4413.1,3,2
3137,16627.0,79,1,322.8,0,2
3138,16628.0,30,5,2188.05,0,2
3139,16629.0,74,2,417.73,0,2
3140,16633.0,17,6,2883.1,0,2
3141,16634.0,223,2,217.9,1,1
3142,16637.0,32,4,1154.47,0,2
3143,16638.0,23,10,1680.72,0,2
3144,16639.0,31,3,1257.51,0,2
3145,16641.0,106,1,231.10000000000002,0,2
3146,16642.0,5,2,688.33,0,2
3147,16643.0,246,1,487.51,1,1
3148,16644.0,178,2,833.78,1,1
3149,16647.0,170,2,214.06,1,1
3150,16648.0,43,1,290.65999999999997,0,2
3151,16650.0,72,1,518.42,0,2
3152,16652.0,59,7,6773.97,0,2
3153,16653.0,16,2,1212.66,0,2
3154,16654.0,141,4,601.27,0,2
3155,16655.0,18,6,3794.52,0,2
3156,16656.0,22,15,8625.8,3,2
3157,16657.0,10,4,933.62,0,2
3158,16658.0,368,1,123.24,1,1
3159,16659.0,189,1,39.12,1,1
3160,16660.0,16,4,1267.6499999999999,0,2
3161,16665.0,362,1,135.39999999999998,1,1
3162,16666.0,19,1,118.98,0,2
3163,16667.0,68,2,570.13,0,2
3164,16668.0,15,6,306.71999999999997,0,2
3165,16669.0,24,3,1374.8700000000001,0,2
3166,16670.0,17,11,4095.9,0,2
3167,16671.0,28,3,1692.27,0,2
3168,16672.0,2,20,8134.9400000000005,3,2
3169,16674.0,55,2,319.61,0,2
3170,16676.0,34,4,1592.1200000000001,0,2
3171,16678.0,3,12,3109.99,0,2
3172,16679.0,366,1,129.75,1,1
3173,16680.0,43,1,183.7,0,2
3174,16681.0,73,6,1770.34,0,2
3175,16682.0,5,5,1028.0,0,2
3176,16684.0,4,28,66653.56,3,4
3177,16685.0,61,2,324.24,0,2
3178,16686.0,47,7,3062.83,0,2
3179,16688.0,1,4,1260.86,0,2
3180,16689.0,76,2,422.59999999999997,0,2
3181,16690.0,72,2,225.57999999999998,0,2
3182,16692.0,256,2,1276.0,1,1
3183,16693.0,69,2,482.01,0,2
3184,16696.0,135,4,657.9000000000001,0,2
3185,16697.0,241,1,112.75,1,1
3186,16698.0,227,2,1998.0,1,1
3187,16700.0,9,13,5076.55,0,2
3188,16701.0,9,13,5398.3,0,2
3189,16705.0,1,20,14034.99,3,2
3190,16706.0,37,3,531.35,0,2
3191,16708.0,46,1,656.63,0,2
3192,16709.0,85,5,3029.87,0,2
3193,16710.0,19,10,2483.04,0,2
3194,16711.0,3,5,1651.03,0,2
3195,16712.0,9,11,3645.43,0,2
3196,16713.0,19,15,6923.13,3,2
3197,16714.0,219,3,1161.53,1,1
3198,16715.0,78,1,301.71999999999997,0,2
3199,16716.0,267,2,901.2,1,1
3200,16717.0,24,6,3858.38,0,2
3201,16718.0,369,1,623.75,1,1
3202,16719.0,15,7,1790.42,0,2
3203,16720.0,26,1,155.24,0,2
3204,16721.0,262,1,292.47,1,1
3205,16722.0,17,13,4730.81,0,2
3206,16723.0,91,2,589.15,0,2
3207,16725.0,302,7,781.02,1,1
3208,16726.0,26,5,1382.02,0,2
3209,16727.0,364,1,272.82,1,1
3210,16728.0,46,4,1054.67,0,2
3211,16729.0,38,21,7239.92,3,2
3212,16730.0,52,3,743.11,0,2
3213,16732.0,32,1,603.75,0,2
3214,16734.0,52,3,650.51,0,2
3215,16735.0,79,5,2300.56,0,2
3216,16737.0,53,1,417.59999999999997,0,2
3217,16738.0,298,1,3.75,1,1
3218,16739.0,177,1,323.0,1,1
3219,16742.0,47,1,464.9,0,2
3220,16743.0,29,7,2238.09,0,2
3221,16744.0,11,7,1304.76,0,2
3222,16745.0,87,17,7194.3,3,2
3223,16746.0,5,18,6697.66,3,2
3224,16747.0,38,2,836.06,0,2
3225,16748.0,18,5,1515.9,0,2
3226,16750.0,45,5,623.93,0,2
3227,16751.0,31,1,1764.72,0,2
3228,16752.0,373,1,207.5,1,1
3229,16753.0,58,1,223.92000000000002,0,2
3230,16754.0,372,1,2002.4,1,1
3231,16755.0,114,3,1496.83,0,2
3232,16756.0,215,1,239.4,1,1
3233,16757.0,319,1,106.83000000000001,1,1
3234,16758.0,65,1,369.34000000000003,0,2
3235,16759.0,8,3,789.79,0,2
3236,16761.0,97,1,316.62,0,2
3237,16762.0,20,3,1501.38,0,2
3238,16763.0,199,1,611.85,1,1
3239,16764.0,4,13,2799.25,0,2
3240,16765.0,294,1,34.0,1,1
3241,16766.0,273,2,1145.6,1,1
3242,16767.0,31,11,5580.6,0,2
3243,16768.0,48,3,478.09000000000003,0,2
3244,16769.0,260,1,380.39,1,1
3245,16770.0,58,5,770.1,0,2
3246,16771.0,33,5,2246.81,0,2
3247,16773.0,57,1,171.59,0,2
3248,16774.0,68,4,661.52,0,2
3249,16775.0,10,11,1695.66,0,2
3250,16776.0,60,1,388.28,0,2
3251,16777.0,80,2,226.35,0,2
3252,16778.0,74,2,245.94,0,2
3253,16779.0,2,22,10629.720000000001,3,2
3254,16780.0,100,2,425.19,0,2
3255,16781.0,372,1,311.25,1,1
3256,16782.0,10,13,2279.9,0,2
3257,16784.0,20,1,107.6,0,2
3258,16788.0,123,2,597.48,0,2
3259,16789.0,8,1,80.8,0,2
3260,16790.0,4,6,1545.6200000000001,0,2
3261,16791.0,29,7,1721.78,0,2
3262,16792.0,282,2,110.38000000000001,1,1
3263,16793.0,57,1,243.84,0,2
3264,16794.0,1,10,1222.71,0,2
3265,16795.0,365,1,414.88,1,1
3266,16796.0,89,1,305.62,0,2
3267,16800.0,11,1,1201.49,0,2
3268,16801.0,163,4,1619.73,1,2
3269,16803.0,65,1,332.3,0,2
3270,16804.0,23,3,536.99,0,2
3271,16805.0,174,2,460.59,1,1
3272,16806.0,103,4,801.49,0,2
3273,16807.0,143,3,1121.59,0,2
3274,16808.0,99,2,288.42,0,2
3275,16809.0,23,5,914.69,0,2
3276,16810.0,192,1,309.54,1,1
3277,16811.0,5,2,547.07,0,2
3278,16812.0,361,1,479.35,1,1
3279,16813.0,8,10,1692.98,0,2
3280,16814.0,14,21,6509.1,3,2
3281,16816.0,103,4,417.06,0,2
3282,16817.0,3,9,1604.75,0,2
3283,16818.0,11,11,3349.57,0,2
3284,16820.0,96,1,497.61,0,2
3285,16823.0,227,1,358.38,1,1
3286,16824.0,16,2,460.64,0,2
3287,16825.0,39,2,775.1800000000001,0,2
3288,16826.0,51,1,341.7,0,2
3289,16828.0,93,2,128.5,0,2
3290,16829.0,157,1,197.22,1,2
3291,16830.0,39,1,325.91,0,2
3292,16832.0,184,3,199.15,1,1
3293,16833.0,1,4,1106.53,0,2
3294,16834.0,228,1,413.46,1,1
3295,16835.0,128,2,180.85,0,2
3296,16836.0,40,2,251.87,0,2
3297,16837.0,31,11,3170.98,0,2
3298,16838.0,197,2,588.85,1,1
3299,16839.0,9,34,16594.35,3,4
3300,16841.0,37,6,1869.82,0,2
3301,16842.0,101,3,1264.19,0,2
3302,16843.0,43,16,10196.57,3,2
3303,16846.0,50,1,214.32,0,2
3304,16847.0,43,1,193.44,0,2
3305,16848.0,53,1,281.42,0,2
3306,16849.0,187,1,124.57,1,1
3307,16850.0,334,1,332.41,1,1
3308,16851.0,4,3,342.45,0,2
3309,16852.0,10,2,144.91000000000003,0,2
3310,16855.0,24,2,328.4,0,2
3311,16856.0,15,1,35.400000000000006,0,2
3312,16858.0,369,1,375.69000000000005,1,1
3313,16859.0,145,2,747.81,1,2
3314,16861.0,60,2,173.76,0,2
3315,16863.0,31,2,502.8,0,2
3316,16866.0,141,3,207.73999999999998,0,2
3317,16869.0,23,4,825.42,0,2
3318,16871.0,22,6,2812.34,0,2
3319,16872.0,77,3,680.02,0,2
3320,16873.0,5,6,7123.62,0,2
3321,16875.0,67,5,2095.53,0,2
3322,16877.0,12,6,853.72,0,2
3323,16878.0,84,1,13.3,0,2
3324,16880.0,31,7,1519.08,0,2
3325,16881.0,67,1,432.0,0,2
3326,16882.0,67,3,705.12,0,2
3327,16883.0,187,2,276.73,1,1
3328,16884.0,38,2,429.84000000000003,0,2
3329,16885.0,15,3,471.51,0,2
3330,16887.0,35,1,194.88,0,2
3331,16889.0,195,3,1578.67,1,1
3332,16891.0,2,5,809.7,0,2
3333,16892.0,1,5,525.54,0,2
3334,16893.0,367,1,145.93,1,1
3335,16895.0,65,1,219.14,0,2
3336,16897.0,299,2,289.78,1,1
3337,16898.0,26,3,508.81,0,2
3338,16899.0,8,6,1281.56,0,2
3339,16900.0,17,3,887.11,0,2
3340,16902.0,116,1,1706.88,0,2
3341,16903.0,29,1,373.24,0,2
3342,16904.0,4,16,3754.27,3,2
3343,16905.0,5,7,3102.43,0,2
3344,16906.0,82,4,579.77,0,2
3345,16907.0,29,5,981.65,0,2
3346,16909.0,72,1,379.14,0,2
3347,16910.0,4,8,1510.06,0,2
3348,16912.0,29,11,2575.38,0,2
3349,16913.0,290,1,113.44,1,1
3350,16914.0,36,1,208.46,0,2
3351,16915.0,9,6,621.6800000000001,0,2
3352,16916.0,24,2,576.26,0,2
3353,16917.0,277,1,391.52,1,1
3354,16918.0,50,6,1068.82,0,2
3355,16919.0,156,11,2596.45,0,2
3356,16921.0,61,1,169.79,0,2
3357,16923.0,12,19,7247.61,3,2
3358,16924.0,21,3,846.75,0,2
3359,16926.0,371,1,230.25,1,1
3360,16927.0,116,3,543.05,0,2
3361,16928.0,80,17,2847.6,3,2
3362,16929.0,4,7,1295.39,0,2
3363,16930.0,26,3,380.55,0,2
3364,16931.0,5,21,4604.22,3,2
3365,16932.0,53,1,161.94,0,2
3366,16933.0,1,2,563.23,0,2
3367,16934.0,55,2,950.9300000000001,0,2
3368,16936.0,26,1,262.68,0,2
3369,16938.0,9,4,2736.38,0,2
3370,16940.0,52,3,3049.88,0,2
3371,16942.0,13,9,1920.59,0,2
3372,16943.0,212,3,816.73,1,1
3373,16945.0,22,19,4345.5,3,2
3374,16947.0,236,1,406.48,1,1
3375,16948.0,139,3,435.02,0,2
3376,16949.0,4,6,1286.27,0,2
3377,16950.0,57,3,1178.56,0,2
3378,16951.0,135,3,1277.75,0,2
3379,16952.0,109,2,167.61,0,2
3380,16953.0,30,1,20.8,0,2
3381,16954.0,1,9,2085.08,0,2
3382,16955.0,185,4,518.67,1,1
3383,16956.0,18,1,308.74,0,2
3384,16957.0,239,2,416.64,1,1
3385,16959.0,87,1,117.35000000000001,0,2
3386,16960.0,39,3,507.05,0,2
3387,16961.0,116,1,234.17,0,2
3388,16963.0,187,1,110.55000000000001,1,1
3389,16965.0,227,1,201.19,1,1
3390,16966.0,8,7,2154.97,0,2
3391,16967.0,189,1,319.02,1,1
3392,16968.0,4,2,439.43,0,2
3393,16969.0,39,3,650.41,0,2
3394,16971.0,38,1,357.21,0,2
3395,16976.0,267,1,251.51999999999998,1,1
3396,16978.0,78,1,344.33,0,2
3397,16979.0,4,6,1852.0,0,2
3398,16980.0,255,2,1078.96,1,1
3399,16982.0,61,1,384.06,0,2
3400,16983.0,13,7,1931.25,0,2
3401,16984.0,88,2,4481.35,0,2
3402,16985.0,17,10,5464.12,0,2
3403,16986.0,30,2,1873.2,0,2
3404,16987.0,3,7,1625.05,0,2
3405,16988.0,5,1,126.12,0,2
3406,16989.0,7,6,1133.25,0,2
3407,16990.0,219,1,179.0,1,1
3408,16992.0,11,5,1614.31,0,2
3409,16996.0,30,6,1456.96,0,2
3410,16997.0,288,3,702.0,1,1
3411,16998.0,150,4,295.0,1,2
3412,16999.0,23,2,484.82,0,2
3413,17001.0,1,11,3989.57,0,2
3414,17002.0,86,3,1493.73,0,2
3415,17004.0,46,2,1412.94,0,2
3416,17006.0,5,4,781.78,0,2
3417,17007.0,51,6,889.9300000000001,0,2
3418,17010.0,18,1,195.36,0,2
3419,17011.0,30,1,270.9,0,2
3420,17014.0,8,3,586.33,0,2
3421,17015.0,29,3,1842.56,0,2
3422,17017.0,3,20,8694.26,3,2
3423,17018.0,41,2,920.1,0,2
3424,17019.0,11,4,1272.61,0,2
3425,17022.0,31,1,71.0,0,2
3426,17024.0,45,3,95.85,0,2
3427,17025.0,61,3,357.77,0,2
3428,17026.0,185,2,154.82999999999998,1,1
3429,17027.0,79,6,890.29,0,2
3430,17029.0,111,2,716.0,0,2
3431,17030.0,64,1,146.87,0,2
3432,17031.0,12,2,380.35,0,2
3433,17033.0,86,3,1030.14,0,2
3434,17034.0,16,3,745.52,0,2
3435,17035.0,246,2,433.53000000000003,1,1
3436,17037.0,88,1,1267.32,0,2
3437,17038.0,30,1,112.4,0,2
3438,17040.0,138,1,449.73,0,2
3439,17041.0,27,3,1081.57,0,2
3440,17042.0,3,5,1044.3799999999999,0,2
3441,17043.0,32,4,1735.18,0,2
3442,17044.0,25,1,948.48,0,2
3443,17045.0,113,3,339.44,0,2
3444,17046.0,157,1,642.02,1,2
3445,17047.0,85,3,1100.9,0,2
3446,17048.0,118,3,925.35,0,2
3447,17049.0,3,9,5659.9800000000005,0,2
3448,17050.0,96,6,3228.84,0,2
3449,17051.0,194,1,247.14000000000001,1,1
3450,17052.0,28,1,413.75,0,2
3451,17053.0,131,1,498.48,0,2
3452,17054.0,28,5,1356.33,0,2
3453,17058.0,82,3,1179.89,0,2
3454,17059.0,30,5,3095.04,0,2
3455,17060.0,266,1,234.24,1,1
3456,17061.0,74,11,5232.2300000000005,0,2
3457,17062.0,314,4,538.37,1,1
3458,17063.0,21,7,1461.14,0,2
3459,17064.0,59,3,859.35,0,2
3460,17068.0,12,21,4552.14,3,2
3461,17069.0,28,9,2709.7000000000003,0,2
3462,17070.0,114,1,312.14,0,2
3463,17071.0,28,9,2429.03,0,2
3464,17073.0,18,4,1446.09,0,2
3465,17075.0,18,4,834.12,0,2
3466,17076.0,36,3,841.0799999999999,0,2
3467,17078.0,36,2,378.2,0,2
3468,17079.0,78,1,118.80000000000001,0,2
3469,17080.0,22,2,287.62,0,2
3470,17081.0,25,2,290.16,0,2
3471,17082.0,33,2,2003.85,0,2
3472,17083.0,109,3,1405.78,0,2
3473,17084.0,35,2,2949.75,0,2
3474,17085.0,123,5,1566.65,0,2
3475,17086.0,7,6,2050.08,0,2
3476,17088.0,28,4,1991.01,0,2
3477,17090.0,4,7,2043.95,0,2
3478,17091.0,3,9,3827.76,0,2
3479,17092.0,50,4,1777.78,0,2
3480,17094.0,322,1,302.0,1,1
3481,17095.0,23,3,1324.16,0,2
3482,17096.0,15,4,1022.13,0,2
3483,17097.0,2,8,954.42,0,2
3484,17100.0,18,2,971.74,0,2
3485,17101.0,10,4,1621.73,0,2
3486,17102.0,262,1,25.5,1,1
3487,17105.0,159,2,665.78,1,2
3488,17107.0,33,6,10815.43,0,2
3489,17109.0,29,6,885.04,0,2
3490,17110.0,165,1,163.29999999999998,1,2
3491,17111.0,47,1,248.61,0,2
3492,17114.0,6,8,808.62,0,2
3493,17115.0,8,3,837.5,0,2
3494,17117.0,288,1,116.19999999999999,1,1
3495,17118.0,318,1,157.02,1,1
3496,17119.0,3,2,606.91,0,2
3497,17120.0,233,1,307.46,1,1
3498,17122.0,119,1,138.32,0,2
3499,17123.0,162,1,345.29999999999995,1,2
3500,17124.0,185,1,298.89,1,1
3501,17125.0,50,1,259.35,0,2
3502,17126.0,152,5,1004.75,1,2
3503,17128.0,335,1,157.09,1,1
3504,17131.0,5,5,2463.17,0,2
3505,17133.0,16,7,4892.240000000001,0,2
3506,17134.0,107,2,425.0,0,2
3507,17135.0,16,7,1139.73,0,2
3508,17138.0,276,1,380.5,1,1
3509,17139.0,16,12,10668.47,3,2
3510,17140.0,247,1,465.32,1,1
3511,17142.0,239,1,579.0,1,1
3512,17144.0,1,2,984.57,0,2
3513,17146.0,106,3,749.78,0,2
3514,17147.0,23,4,1714.59,0,2
3515,17148.0,52,1,124.88,0,2
3516,17152.0,195,3,1689.5,1,1
3517,17153.0,24,1,213.78,0,2
3518,17154.0,75,1,329.34,0,2
3519,17155.0,18,2,251.70000000000002,0,2
3520,17157.0,8,2,319.0,0,2
3521,17158.0,32,3,1266.97,0,2
3522,17159.0,22,3,1538.88,0,2
3523,17160.0,31,6,3518.03,0,2
3524,17162.0,29,10,1715.46,0,2
3525,17163.0,22,2,293.1,0,2
3526,17164.0,33,7,2467.35,0,2
3527,17165.0,284,1,158.68,1,1
3528,17166.0,39,2,206.34,0,2
3529,17169.0,58,2,835.78,0,2
3530,17171.0,289,1,224.91,1,1
3531,17172.0,79,1,317.76,0,2
3532,17173.0,5,8,3766.6,0,2
3533,17174.0,218,1,59.9,1,1
3534,17175.0,44,4,1443.69,0,2
3535,17176.0,202,1,306.13,1,1
3536,17179.0,178,3,711.79,1,1
3537,17180.0,56,4,796.03,0,2
3538,17181.0,57,2,239.92000000000002,0,2
3539,17183.0,8,6,3347.31,0,2
3540,17186.0,47,2,144.0,0,2
3541,17187.0,227,1,203.95,1,1
3542,17188.0,11,7,2474.23,0,2
3543,17189.0,106,2,384.40000000000003,0,2
3544,17190.0,59,2,444.74,0,2
3545,17191.0,28,7,2095.13,0,2
3546,17193.0,36,7,1699.3000000000002,0,2
3547,17194.0,274,2,262.62,1,1
3548,17197.0,30,1,1013.01,0,2
3549,17198.0,24,3,692.22,0,2
3550,17201.0,54,1,342.63,0,2
3551,17203.0,36,6,3563.85,0,2
3552,17204.0,175,4,1564.56,1,1
3553,17205.0,54,1,384.08,0,2
3554,17206.0,53,1,204.24,0,2
3555,17211.0,27,8,2317.2200000000003,0,2
3556,17212.0,253,1,226.85,1,1
3557,17213.0,40,7,2781.23,0,2
3558,17214.0,60,6,1069.1200000000001,0,2
3559,17217.0,234,1,113.5,1,1
3560,17218.0,4,10,1960.72,0,2
3561,17219.0,32,1,114.23,0,2
3562,17220.0,24,14,3198.25,0,2
3563,17221.0,7,2,335.13,0,2
3564,17222.0,65,1,354.15,0,2
3565,17223.0,310,2,426.79,1,1
3566,17226.0,309,1,393.49,1,1
3567,17227.0,19,6,939.32,0,2
3568,17228.0,16,8,1906.09,0,2
3569,17229.0,96,2,318.76,0,2
3570,17230.0,264,8,3638.41,1,1
3571,17231.0,12,10,3174.32,0,2
3572,17232.0,3,2,421.52,0,2
3573,17233.0,35,1,190.88,0,2
3574,17234.0,183,1,149.89000000000001,1,1
3575,17235.0,25,2,550.06,0,2
3576,17236.0,13,6,916.13,0,2
3577,17237.0,11,2,314.69,0,2
3578,17238.0,3,17,3744.65,3,2
3579,17239.0,313,1,382.5,1,1
3580,17242.0,108,2,1135.04,0,2
3581,17243.0,1,26,8676.85,3,2
3582,17244.0,53,1,954.9,0,2
3583,17245.0,205,1,171.45,1,1
3584,17247.0,15,1,282.19,0,2
3585,17248.0,120,1,318.65,0,2
3586,17250.0,4,2,384.52,0,2
3587,17251.0,363,1,283.28000000000003,1,1
3588,17252.0,117,2,353.86,0,2
3589,17253.0,18,1,178.26,0,2
3590,17254.0,5,2,272.44,0,2
3591,17255.0,41,2,298.41,0,2
3592,17256.0,107,2,240.0,0,2
3593,17259.0,148,2,603.37,1,2
3594,17262.0,52,5,1253.3600000000001,0,2
3595,17263.0,208,1,63.440000000000005,1,1
3596,17265.0,139,2,562.9,0,2
3597,17266.0,2,3,310.64,0,2
3598,17267.0,127,2,317.62,0,2
3599,17268.0,108,4,763.64,0,2
3600,17272.0,42,4,2148.63,0,2
3601,17274.0,35,1,111.97999999999999,0,2
3602,17277.0,228,2,1065.3500000000001,1,1
3603,17278.0,241,1,246.04,1,1
3604,17279.0,58,1,187.82999999999998,0,2
3605,17282.0,130,3,1703.41,0,2
3606,17284.0,60,6,1652.58,0,2
3607,17286.0,22,1,153.92,0,2
3608,17287.0,26,7,1064.11,0,2
3609,17288.0,9,7,1419.73,0,2
3610,17289.0,32,3,944.41,0,2
3611,17290.0,4,2,525.24,0,2
3612,17291.0,308,1,550.8000000000001,1,1
3613,17293.0,8,9,1875.1100000000001,0,2
3614,17295.0,29,3,556.95,0,2
3615,17297.0,17,1,131.78,0,2
3616,17298.0,101,2,498.42,0,2
3617,17299.0,12,4,669.11,0,2
3618,17301.0,21,1,197.63,0,2
3619,17302.0,15,5,1135.63,0,2
3620,17303.0,361,1,250.04,1,1
3621,17306.0,11,19,8631.31,3,2
3622,17309.0,95,1,82.75,0,2
3623,17311.0,78,2,1384.85,0,2
3624,17312.0,139,3,644.3,0,2
3625,17313.0,31,1,2328.84,0,2
3626,17314.0,25,8,2527.92,0,2
3627,17315.0,2,38,6292.26,3,4
3628,17317.0,46,3,2600.34,0,2
3629,17320.0,100,3,1200.6200000000001,0,2
3630,17321.0,8,2,700.86,0,2
3631,17323.0,15,7,921.07,0,2
3632,17324.0,18,4,990.23,0,2
3633,17325.0,280,1,96.8,1,1
3634,17329.0,14,2,523.11,0,2
3635,17330.0,23,2,363.9,0,2
3636,17331.0,124,1,175.2,0,2
3637,17333.0,86,1,494.25,0,2
3638,17334.0,302,2,307.02,1,1
3639,17337.0,151,4,2027.8700000000001,1,2
3640,17338.0,17,8,6643.93,0,2
3641,17339.0,94,2,243.36,0,2
3642,17340.0,30,11,12353.29,3,2
3643,17341.0,157,3,781.36,1,2
3644,17343.0,355,1,193.64,1,1
3645,17344.0,46,1,160.57,0,2
3646,17345.0,15,4,537.74,0,2
3647,17346.0,4,15,2676.56,3,2
3648,17347.0,86,1,228.96,0,2
3649,17348.0,15,5,1159.52,0,2
3650,17349.0,179,1,110.75,1,1
3651,17350.0,8,4,1286.07,0,2
3652,17351.0,36,3,587.15,0,2
3653,17353.0,129,2,1740.0,0,2
3654,17354.0,51,1,1393.06,0,2
3655,17356.0,312,1,178.22,1,1
3656,17357.0,24,2,388.14,0,2
3657,17358.0,303,2,365.85,1,1
3658,17359.0,11,1,127.86,0,2
3659,17360.0,17,3,585.79,0,2
3660,17361.0,49,3,488.2,0,2
3661,17362.0,239,2,312.23,1,1
3662,17364.0,1,11,4481.18,0,2
3663,17365.0,13,8,4801.56,0,2
3664,17367.0,238,1,168.4,1,1
3665,17368.0,23,8,1912.67,0,2
3666,17370.0,73,4,446.18,0,2
3667,17371.0,17,3,423.89,0,2
3668,17372.0,41,8,1342.68,0,2
3669,17373.0,40,4,646.92,0,2
3670,17374.0,219,2,495.77,1,1
3671,17375.0,199,3,400.1,1,1
3672,17376.0,71,2,203.2,0,2
3673,17377.0,24,20,4100.92,3,2
3674,17379.0,11,1,404.66,0,2
3675,17381.0,9,29,20275.61,3,4
3676,17382.0,65,1,65.4,0,2
3677,17383.0,4,1,199.29,0,2
3678,17384.0,19,2,336.4,0,2
3679,17385.0,15,1,261.11,0,2
3680,17386.0,8,6,2686.42,0,2
3681,17387.0,20,2,784.11,0,2
3682,17388.0,78,4,1259.56,0,2
3683,17389.0,1,34,31833.68,3,4
3684,17391.0,164,2,508.8,1,1
3685,17392.0,307,2,457.91,1,1
3686,17394.0,219,1,203.86999999999998,1,1
3687,17396.0,39,8,7330.8,0,2
3688,17397.0,22,2,696.41,0,2
3689,17398.0,115,3,653.38,0,2
3690,17400.0,126,5,2129.96,0,2
3691,17402.0,5,13,2633.85,0,2
3692,17403.0,36,1,281.62,0,2
3693,17404.0,4,15,31906.82,3,4
3694,17405.0,1,3,1031.41,0,2
3695,17406.0,333,3,2200.42,1,1
3696,17408.0,163,1,32.65,1,2
3697,17409.0,185,2,771.85,1,1
3698,17410.0,16,5,1214.72,0,2
3699,17411.0,12,3,778.94,0,2
3700,17412.0,3,7,1258.06,0,2
3701,17414.0,44,2,778.0,0,2
3702,17415.0,80,1,507.84,0,2
3703,17416.0,30,7,6893.42,0,2
3704,17418.0,42,2,463.46000000000004,0,2
3705,17419.0,11,12,4226.57,0,2
3706,17420.0,50,3,598.83,0,2
3707,17422.0,16,6,1979.37,0,2
3708,17423.0,46,2,698.41,0,2
3709,17425.0,19,2,759.17,0,2
3710,17426.0,8,6,5037.26,0,2
3711,17427.0,72,1,100.8,0,2
3712,17428.0,1,28,17256.85,3,4
3713,17429.0,128,3,524.9200000000001,0,2
3714,17430.0,33,2,265.76,0,2
3715,17431.0,313,1,403.3,1,1
3716,17432.0,18,2,365.76,0,2
3717,17433.0,88,1,303.15999999999997,0,2
3718,17434.0,2,7,2373.82,0,2
3719,17436.0,2,2,216.29999999999998,0,2
3720,17438.0,254,1,388.45000000000005,1,1
3721,17440.0,157,3,186.42000000000002,1,2
3722,17442.0,37,6,2248.56,0,2
3723,17443.0,220,1,534.24,1,1
3724,17444.0,148,3,2940.04,1,2
3725,17446.0,177,2,120.9,1,1
3726,17447.0,40,2,541.53,0,2
3727,17449.0,2,7,2520.86,0,2
3728,17450.0,8,46,194550.79,2,3
3729,17451.0,1,7,1721.4,0,2
3730,17453.0,18,2,486.71999999999997,0,2
3731,17454.0,192,4,517.53,1,1
3732,17455.0,204,1,131.7,1,1
3733,17456.0,365,1,249.86,1,1
3734,17457.0,127,5,1737.7,0,2
3735,17458.0,15,1,316.5,0,2
3736,17459.0,43,2,657.3,0,2
3737,17460.0,94,6,622.4300000000001,0,2
3738,17461.0,23,3,757.46,0,2
3739,17462.0,60,2,675.69,0,2
3740,17463.0,16,5,1896.41,0,2
3741,17464.0,158,1,289.96000000000004,1,2
3742,17466.0,10,2,763.28,0,2
3743,17468.0,10,2,137.0,0,2
3744,17469.0,16,5,1870.97,0,2
3745,17470.0,45,5,1125.07,0,2
3746,17472.0,191,3,710.29,1,1
3747,17475.0,79,1,194.37,0,2
3748,17480.0,78,1,511.82,0,2
3749,17481.0,4,4,1255.59,0,2
3750,17483.0,65,3,414.04,0,2
3751,17486.0,261,1,396.87,1,1
3752,17489.0,59,2,376.64,0,2
3753,17490.0,1,7,2092.32,0,2
3754,17491.0,1,10,3558.87,0,2
3755,17492.0,248,1,374.57,1,1
3756,17495.0,8,2,497.56,0,2
3757,17496.0,359,1,271.05,1,1
3758,17498.0,76,1,272.22,0,2
3759,17499.0,290,1,622.88,1,1
3760,17500.0,17,3,1138.0,0,2
3761,17501.0,221,2,288.6,1,1
3762,17502.0,9,4,689.1,0,2
3763,17503.0,3,2,558.96,0,2
3764,17504.0,206,9,2997.0299999999997,1,2
3765,17505.0,162,2,1145.84,1,2
3766,17506.0,76,1,302.2,0,2
3767,17507.0,262,2,605.58,1,1
3768,17508.0,281,1,387.31,1,1
3769,17509.0,58,8,6115.14,0,2
3770,17510.0,25,1,308.48,0,2
3771,17511.0,3,31,91062.38,2,3
3772,17512.0,29,10,2924.9900000000002,0,2
3773,17513.0,72,1,513.2,0,2
3774,17514.0,128,1,208.65,0,2
3775,17515.0,31,4,639.02,0,2
3776,17516.0,15,5,768.08,0,2
3777,17517.0,309,1,153.94,1,1
3778,17519.0,17,6,1844.02,0,2
3779,17520.0,54,1,546.81,0,2
3780,17521.0,30,3,723.2099999999999,0,2
3781,17522.0,2,5,1070.71,0,2
3782,17523.0,11,4,652.74,0,2
3783,17524.0,361,1,145.0,1,1
3784,17525.0,360,1,422.70000000000005,1,1
3785,17526.0,5,4,1195.8999999999999,0,2
3786,17527.0,54,4,939.37,0,2
3787,17528.0,1,8,3628.5,0,2
3788,17530.0,1,10,2385.0,0,2
3789,17531.0,190,1,296.7,1,1
3790,17534.0,54,1,223.36,0,2
3791,17535.0,280,1,164.4,1,1
3792,17536.0,177,1,76.5,1,1
3793,17537.0,30,2,897.62,0,2
3794,17538.0,26,1,98.42,0,2
3795,17540.0,25,2,578.9,0,2
3796,17542.0,270,1,170.75,1,1
3797,17545.0,43,3,645.96,0,2
3798,17548.0,234,1,103.3,1,1
3799,17549.0,24,2,148.86,0,2
3800,17550.0,197,3,267.16,1,1
3801,17551.0,359,1,306.84,1,1
3802,17552.0,60,4,930.41,0,2
3803,17553.0,130,1,1487.6,0,2
3804,17554.0,1,5,1952.45,0,2
3805,17555.0,20,2,483.26,0,2
3806,17556.0,206,1,157.9,1,1
3807,17557.0,14,3,541.46,0,2
3808,17560.0,95,4,854.95,0,2
3809,17561.0,19,1,167.62,0,2
3810,17562.0,14,7,1122.38,0,2
3811,17564.0,24,3,454.01,0,2
3812,17566.0,8,2,901.21,0,2
3813,17567.0,7,8,4331.48,0,2
3814,17569.0,332,1,344.14,1,1
3815,17571.0,50,4,1498.51,0,2
3816,17572.0,71,4,226.75000000000003,0,2
3817,17573.0,29,3,380.6,0,2
3818,17574.0,243,1,185.65,1,1
3819,17576.0,8,19,3622.68,3,2
3820,17578.0,218,1,143.45999999999998,1,1
3821,17579.0,5,3,448.90000000000003,0,2
3822,17580.0,253,3,215.72,1,1
3823,17581.0,1,25,11045.04,3,2
3824,17582.0,236,1,175.27,1,1
3825,17584.0,7,2,1242.3,0,2
3826,17585.0,109,4,1133.07,0,2
3827,17588.0,100,3,1240.2,0,2
3828,17589.0,60,4,2404.17,0,2
3829,17590.0,2,3,1479.22,0,2
3830,17591.0,73,7,2225.9700000000003,0,2
3831,17593.0,4,5,3927.34,0,2
3832,17594.0,85,2,993.18,0,2
3833,17595.0,12,2,388.79,0,2
3834,17596.0,23,7,2827.93,0,2
3835,17597.0,214,1,2044.3700000000001,1,1
3836,17600.0,18,1,161.67000000000002,0,2
3837,17601.0,239,1,116.00999999999999,1,1
3838,17602.0,2,6,5102.97,0,2
3839,17603.0,78,1,394.72,0,2
3840,17604.0,217,2,309.36,1,1
3841,17608.0,33,2,193.42,0,2
3842,17609.0,41,5,1112.22,0,2
3843,17611.0,7,15,3984.22,3,2
3844,17612.0,53,6,2048.45,0,2
3845,17613.0,23,14,4559.150000000001,0,2
3846,17614.0,57,1,390.07,0,2
3847,17615.0,130,3,329.6,0,2
3848,17616.0,174,3,571.1999999999999,1,1
3849,17618.0,6,3,971.58,0,2
3850,17619.0,312,1,218.52,1,1
3851,17620.0,60,1,81.44,0,2
3852,17621.0,21,3,1379.9,0,2
3853,17623.0,33,1,527.0500000000001,0,2
3854,17624.0,15,2,843.48,0,2
3855,17625.0,18,4,2047.0,0,2
3856,17628.0,81,1,75.75,0,2
3857,17629.0,6,8,1814.12,0,2
3858,17630.0,170,2,503.59999999999997,1,1
3859,17631.0,2,3,528.33,0,2
3860,17633.0,31,4,1324.84,0,2
3861,17634.0,36,9,2361.9700000000003,0,2
3862,17636.0,19,1,285.56,0,2
3863,17637.0,31,2,547.0600000000001,0,2
3864,17639.0,276,1,108.5,1,1
3865,17640.0,87,1,621.66,0,2
3866,17642.0,120,2,712.29,0,2
3867,17643.0,373,1,101.55,1,1
3868,17644.0,1,11,2895.64,0,2
3869,17646.0,219,3,1008.39,1,1
3870,17647.0,65,1,133.06,0,2
3871,17648.0,61,4,1797.5,0,2
3872,17649.0,138,1,868.49,0,2
3873,17650.0,21,1,166.08,0,2
3874,17651.0,12,10,3945.0,0,2
3875,17652.0,25,12,4867.72,0,2
3876,17653.0,37,4,1207.56,0,2
3877,17654.0,277,1,117.55,1,1
3878,17655.0,11,7,2638.94,0,2
3879,17656.0,73,5,1674.69,0,2
3880,17658.0,26,2,595.42,0,2
3881,17659.0,17,12,2999.46,0,2
3882,17660.0,141,1,196.0,0,2
3883,17663.0,26,7,1802.91,0,2
3884,17664.0,19,2,604.64,0,2
3885,17666.0,4,2,728.16,0,2
3886,17667.0,66,5,2055.51,0,2
3887,17668.0,1,2,347.75,0,2
3888,17669.0,43,7,3406.7200000000003,0,2
3889,17670.0,228,1,205.7,1,1
3890,17671.0,16,4,1572.71,0,2
3891,17672.0,50,2,3178.17,0,2
3892,17673.0,2,6,1629.12,0,2
3893,17674.0,74,2,551.04,0,2
3894,17675.0,1,31,20374.28,3,4
3895,17676.0,4,6,1387.68,0,2
3896,17677.0,2,30,16363.23,3,4
3897,17678.0,264,1,298.11,1,1
3898,17679.0,53,2,1992.1100000000001,0,2
3899,17680.0,24,1,184.4,0,2
3900,17682.0,10,6,2474.33,0,2
3901,17684.0,44,1,239.41,0,2
3902,17685.0,17,7,3191.53,0,2
3903,17686.0,7,7,5739.46,0,2
3904,17690.0,30,15,4757.95,3,2
3905,17691.0,358,2,290.40000000000003,1,1
3906,17692.0,127,4,740.9399999999999,0,2
3907,17693.0,137,1,200.47,0,2
3908,17694.0,142,1,283.12,0,2
3909,17695.0,132,2,765.34,0,2
3910,17696.0,38,8,2285.71,0,2
3911,17697.0,236,1,338.95,1,1
3912,17698.0,261,1,154.95,1,1
3913,17700.0,17,4,2534.64,0,2
3914,17701.0,253,1,417.95,1,1
3915,17702.0,30,4,1824.37,0,2
3916,17703.0,35,3,798.74,0,2
3917,17704.0,169,2,885.19,1,1
3918,17705.0,3,9,1823.52,0,2
3919,17706.0,4,17,10504.49,3,2
3920,17707.0,185,2,152.4,1,1
3921,17708.0,188,2,267.08,1,1
3922,17709.0,170,1,137.45,1,1
3923,17711.0,11,2,385.1,0,2
3924,17712.0,45,1,522.91,0,2
3925,17714.0,321,1,153.0,1,1
3926,17715.0,201,1,326.4,1,1
3927,17716.0,23,11,5655.99,0,2
3928,17718.0,232,1,139.35,1,1
3929,17719.0,38,15,5396.04,3,2
3930,17720.0,26,4,1195.94,0,2
3931,17722.0,96,4,2424.04,0,2
3932,17723.0,127,6,3276.4000000000005,0,2
3933,17724.0,71,3,1033.0,0,2
3934,17725.0,16,11,3439.08,0,2
3935,17727.0,15,1,1060.25,0,2
3936,17728.0,4,3,2876.01,0,2
3937,17730.0,3,13,5298.4800000000005,0,2
3938,17731.0,79,4,1240.11,0,2
3939,17732.0,373,1,303.97,1,1
3940,17733.0,39,2,692.19,0,2
3941,17734.0,54,3,700.63,0,2
3942,17735.0,2,19,13110.02,3,2
3943,17736.0,9,3,377.44,0,2
3944,17737.0,9,2,168.24,0,2
3945,17738.0,19,4,1879.05,0,2
3946,17739.0,12,7,2791.35,0,2
3947,17742.0,113,2,355.11,0,2
3948,17744.0,4,6,2322.4,0,2
3949,17746.0,240,1,110.25,1,1
3950,17747.0,113,1,71.4,0,2
3951,17749.0,178,2,674.52,1,1
3952,17750.0,5,9,1797.57,0,2
3953,17752.0,359,1,80.64,1,1
3954,17754.0,1,5,1772.26,0,2
3955,17757.0,1,30,5605.29,3,2
3956,17758.0,19,8,3456.7000000000003,0,2
3957,17759.0,17,3,834.99,0,2
3958,17760.0,22,2,287.59,0,2
3959,17761.0,33,1,712.78,0,2
3960,17763.0,263,1,15.0,1,1
3961,17764.0,51,2,818.8199999999999,0,2
3962,17765.0,159,3,371.88,1,2
3963,17767.0,15,1,271.2,0,2
3964,17768.0,8,3,2273.1800000000003,0,2
3965,17769.0,13,10,3997.98,0,2
3966,17770.0,199,5,1143.27,1,1
3967,17771.0,57,2,245.81,0,2
3968,17772.0,11,2,182.77,0,2
3969,17774.0,97,4,1225.41,0,2
3970,17775.0,255,1,56.4,1,1
3971,17777.0,25,3,665.86,0,2
3972,17779.0,21,3,658.57,0,2
3973,17781.0,159,2,188.02,1,2
3974,17783.0,72,2,283.47,0,2
3975,17785.0,53,1,131.94,0,2
3976,17786.0,85,2,278.74,0,2
3977,17787.0,153,4,1865.19,1,2
3978,17788.0,74,2,1117.9,0,2
3979,17789.0,281,1,225.9,1,1
3980,17790.0,27,14,1965.55,0,2
3981,17791.0,30,1,106.1,0,2
3982,17793.0,25,1,323.04,0,2
3983,17795.0,180,2,350.39,1,1
3984,17796.0,40,4,697.9,0,2
3985,17797.0,22,3,780.43,0,2
3986,17799.0,22,10,3055.93,0,2
3987,17800.0,37,9,1199.01,0,2
3988,17802.0,82,3,1285.04,0,2
3989,17805.0,74,1,512.31,0,2
3990,17806.0,11,1,546.04,0,2
3991,17809.0,16,12,5411.91,0,2
3992,17811.0,4,39,7837.7300000000005,3,4
3993,17812.0,13,4,732.16,0,2
3994,17813.0,14,5,1770.8799999999999,0,2
3995,17816.0,37,4,36.56,0,2
3996,17817.0,4,3,387.68,0,2
3997,17819.0,72,7,3704.87,0,2
3998,17824.0,51,1,298.4,0,2
3999,17827.0,5,5,1995.46,0,2
4000,17828.0,23,4,1820.09,0,2
4001,17829.0,299,1,889.24,1,1
4002,17830.0,2,3,398.7,0,2
4003,17831.0,33,1,35.400000000000006,0,2
4004,17832.0,50,1,155.37,0,2
4005,17835.0,3,3,350.64,0,2
4006,17836.0,47,1,110.21000000000001,0,2
4007,17837.0,42,8,1593.38,0,2
4008,17838.0,27,5,2779.3,0,2
4009,17839.0,42,1,338.8,0,2
4010,17841.0,2,124,40991.57,2,4
4011,17843.0,303,1,205.48,1,1
4012,17844.0,107,1,51.559999999999995,0,2
4013,17846.0,85,1,2033.1,0,2
4014,17848.0,81,9,901.1999999999999,0,2
4015,17849.0,218,4,605.8000000000001,1,1
4016,17850.0,372,34,5391.21,3,4
4017,17852.0,12,2,114.34,0,2
4018,17854.0,185,2,311.26,1,1
4019,17855.0,373,1,208.97,1,1
4020,17856.0,2,4,1418.03,0,2
4021,17857.0,4,23,26879.04,3,4
4022,17858.0,6,12,5155.66,0,2
4023,17859.0,305,1,148.21,1,1
4024,17860.0,369,1,252.8,1,1
4025,17861.0,3,8,2100.8,0,2
4026,17862.0,324,1,330.9,1,1
4027,17863.0,59,6,3160.0,0,2
4028,17864.0,13,3,597.5,0,2
4029,17865.0,31,20,10526.32,3,2
4030,17866.0,143,1,329.65,1,2
4031,17867.0,30,6,1197.1000000000001,0,2
4032,17869.0,107,5,428.18,0,2
4033,17870.0,2,12,1894.35,0,2
4034,17871.0,205,1,155.9,1,1
4035,17873.0,80,5,1859.16,0,2
4036,17874.0,185,6,683.46,1,1
4037,17877.0,170,1,237.61,1,1
4038,17878.0,44,1,379.45,0,2
4039,17879.0,174,1,178.51999999999998,1,1
4040,17880.0,365,1,458.92,1,1
4041,17881.0,304,1,133.35000000000002,1,1
4042,17883.0,3,4,671.77,0,2
4043,17884.0,4,4,717.45,0,2
4044,17885.0,12,1,190.19,0,2
4045,17886.0,32,3,899.61,0,2
4046,17887.0,129,1,111.35,0,2
4047,17888.0,21,8,726.05,0,2
4048,17889.0,212,2,203.87,1,1
4049,17890.0,323,2,602.09,1,1
4050,17891.0,162,1,203.85999999999999,1,2
4051,17892.0,56,3,244.1,0,2
4052,17893.0,225,1,112.25,1,1
4053,17894.0,72,8,1119.81,0,2
4054,17895.0,44,1,98.0,0,2
4055,17896.0,23,1,256.32,0,2
4056,17897.0,173,3,566.6,1,1
4057,17898.0,85,2,152.06,0,2
4058,17899.0,159,1,155.8,1,2
4059,17900.0,190,2,112.19999999999999,1,1
4060,17901.0,29,1,110.38,0,2
4061,17904.0,21,1,191.67,0,2
4062,17905.0,71,4,800.24,0,2
4063,17906.0,247,1,72.9,1,1
4064,17908.0,374,1,243.28,1,1
4065,17911.0,9,1,366.23,0,2
4066,17912.0,310,5,311.01,1,1
4067,17913.0,59,2,411.6,0,2
4068,17914.0,4,1,336.43,0,2
4069,17917.0,45,3,341.28,0,2
4070,17919.0,88,1,1304.04,0,2
4071,17920.0,4,17,4204.1,3,2
4072,17921.0,64,4,826.52,0,2
4073,17923.0,282,1,207.50000000000003,1,1
4074,17924.0,12,7,2962.5,0,2
4075,17925.0,373,1,244.08,1,1
4076,17926.0,133,2,397.29,0,2
4077,17928.0,45,2,212.54,0,2
4078,17929.0,11,4,843.0,0,2
4079,17930.0,36,5,1740.48,0,2
4080,17931.0,134,2,408.36,0,2
4081,17932.0,29,3,1331.57,0,2
4082,17934.0,52,2,704.25,0,2
4083,17935.0,138,2,145.79,0,2
4084,17936.0,5,1,389.84,0,2
4085,17937.0,9,7,4301.22,0,2
4086,17939.0,160,1,99.14,1,2
4087,17940.0,49,10,4106.4400000000005,0,2
4088,17941.0,131,1,304.56,0,2
4089,17942.0,8,1,77.50000000000001,0,2
4090,17946.0,233,2,149.57999999999998,1,1
4091,17947.0,37,1,176.68,0,2
4092,17948.0,147,1,358.56000000000006,1,2
4093,17949.0,1,45,58510.48,3,4
4094,17950.0,72,3,482.2,0,2
4095,17951.0,40,3,1008.5400000000001,0,2
4096,17954.0,5,12,2332.72,0,2
4097,17955.0,199,4,557.3,1,1
4098,17956.0,249,1,12.75,1,1
4099,17957.0,66,1,111.68,0,2
4100,17958.0,117,1,508.4599999999999,0,2
4101,17960.0,171,1,73.78,1,1
4102,17961.0,21,39,1296.44,3,4
4103,17962.0,142,1,102.83,0,2
4104,17964.0,32,2,471.7,0,2
4105,17965.0,38,14,2622.57,0,2
4106,17966.0,38,5,1098.43,0,2
4107,17967.0,372,1,123.07,1,1
4108,17968.0,374,1,277.35,1,1
4109,17969.0,166,2,228.2,1,1
4110,17970.0,211,1,582.59,1,1
4111,17972.0,242,1,136.04,1,1
4112,17973.0,52,1,337.04,0,2
4113,17974.0,25,3,740.79,0,2
4114,17975.0,15,13,4488.81,0,2
4115,17976.0,372,1,353.19,1,1
4116,17977.0,29,1,288.14,0,2
4117,17978.0,365,1,300.91999999999996,1,1
4118,17979.0,36,4,757.71,0,2
4119,17980.0,166,3,811.45,1,1
4120,17984.0,145,1,152.68,1,2
4121,17985.0,22,1,634.95,0,2
4122,17986.0,56,1,20.8,0,2
4123,17987.0,185,1,198.57,1,1
4124,17988.0,12,7,201.12,0,2
4125,17990.0,237,3,630.84,1,1
4126,17991.0,225,2,93.35,1,1
4127,17994.0,122,4,678.49,0,2
4128,17995.0,282,1,76.1,1,1
4129,17997.0,74,8,1970.6699999999998,0,2
4130,17999.0,37,2,382.06,0,2
4131,18001.0,12,2,417.23,0,2
4132,18004.0,362,1,169.47,1,1
4133,18005.0,4,2,249.72,0,2
4134,18006.0,23,1,444.68,0,2
4135,18008.0,70,9,2116.19,0,2
4136,18009.0,235,1,257.34,1,1
4137,18010.0,257,1,174.8,1,1
4138,18011.0,373,1,102.78999999999999,1,1
4139,18013.0,155,2,187.29,1,2
4140,18014.0,28,1,166.42,0,2
4141,18015.0,4,1,120.03,0,2
4142,18016.0,32,5,1483.56,0,2
4143,18017.0,81,3,523.0,0,2
4144,18018.0,108,2,122.14,0,2
4145,18019.0,52,1,38.45,0,2
4146,18022.0,36,1,668.11,0,2
4147,18024.0,153,2,389.78,1,2
4148,18027.0,99,1,115.31,0,2
4149,18030.0,4,2,230.64999999999998,0,2
4150,18032.0,334,1,73.5,1,1
4151,18033.0,65,1,97.97,0,2
4152,18034.0,22,2,422.88,0,2
4153,18035.0,36,3,730.4,0,2
4154,18036.0,32,3,405.62,0,2
4155,18037.0,154,6,70.02,1,2
4156,18040.0,19,2,357.20000000000005,0,2
4157,18041.0,12,21,4183.39,3,2
4158,18042.0,54,1,165.04999999999998,0,2
4159,18043.0,25,3,559.51,0,2
4160,18044.0,4,10,2088.6,0,2
4161,18045.0,45,1,189.4,0,2
4162,18048.0,203,2,172.29000000000002,1,1
4163,18050.0,359,1,74.4,1,1
4164,18053.0,71,1,300.02,0,2
4165,18055.0,7,10,6784.1900000000005,0,2
4166,18056.0,288,1,363.65,1,1
4167,18058.0,10,1,170.16,0,2
4168,18059.0,23,3,306.46,0,2
4169,18061.0,22,10,2119.41,0,2
4170,18062.0,173,3,720.52,1,1
4171,18064.0,133,2,814.0,0,2
4172,18065.0,6,14,2392.83,0,2
4173,18066.0,75,1,318.0,0,2
4174,18067.0,40,1,396.33,0,2
4175,18068.0,289,1,101.69999999999999,1,1
4176,18069.0,26,5,2036.67,0,2
4177,18071.0,258,2,453.0,1,1
4178,18072.0,186,1,247.44,1,1
4179,18073.0,114,12,3877.5200000000004,0,2
4180,18074.0,374,1,489.6,1,1
4181,18075.0,23,10,2611.75,0,2
4182,18077.0,8,11,2633.0099999999998,0,2
4183,18078.0,217,2,336.13,1,1
4184,18079.0,45,4,3651.97,0,2
4185,18080.0,19,2,1231.5,0,2
4186,18081.0,36,3,343.45,0,2
4187,18082.0,26,1,703.37,0,2
4188,18084.0,16,1,90.47999999999999,0,2
4189,18085.0,330,2,689.95,1,1
4190,18086.0,274,1,101.34,1,1
4191,18087.0,98,2,4055.7199999999993,0,2
4192,18088.0,61,1,167.67000000000002,0,2
4193,18092.0,2,11,9068.26,0,2
4194,18093.0,93,4,2106.52,0,2
4195,18094.0,82,7,3017.3,0,2
4196,18095.0,313,2,580.0500000000001,1,1
4197,18096.0,12,3,911.15,0,2
4198,18097.0,8,6,2697.8,0,2
4199,18099.0,127,1,168.31,0,2
4200,18101.0,11,2,223.65,0,2
4201,18102.0,1,60,259657.3,2,3
4202,18104.0,37,1,754.64,0,2
4203,18105.0,38,1,113.48000000000002,0,2
4204,18106.0,330,1,430.7,1,1
4205,18108.0,254,1,271.0,1,1
4206,18109.0,2,26,8052.97,3,2
4207,18110.0,20,1,236.3,0,2
4208,18112.0,12,2,352.69,0,2
4209,18113.0,369,1,76.32000000000001,1,1
4210,18114.0,290,1,220.1,1,1
4211,18116.0,68,8,1418.03,0,2
4212,18117.0,26,1,320.72,0,2
4213,18118.0,11,26,5653.82,3,2
4214,18119.0,368,1,181.12,1,1
4215,18120.0,214,1,111.15,1,1
4216,18121.0,149,2,673.1,1,2
4217,18122.0,8,6,1826.21,0,2
4218,18123.0,24,2,589.4399999999999,0,2
4219,18125.0,30,4,1142.99,0,2
4220,18126.0,61,1,206.82999999999998,0,2
4221,18127.0,19,3,348.73,0,2
4222,18129.0,243,1,112.55000000000001,1,1
4223,18130.0,15,3,1059.39,0,2
4224,18133.0,212,1,931.4999999999999,1,1
4225,18135.0,29,5,681.9100000000001,0,2
4226,18136.0,63,3,784.33,0,2
4227,18138.0,295,1,152.65,1,1
4228,18139.0,18,6,8438.34,0,2
4229,18142.0,157,2,1019.52,1,2
4230,18143.0,117,2,1000.16,0,2
4231,18144.0,8,12,2888.75,0,2
4232,18145.0,13,4,2861.55,0,2
4233,18146.0,141,2,160.35000000000002,0,2
4234,18147.0,46,2,179.33999999999997,0,2
4235,18149.0,51,3,612.0799999999999,0,2
4236,18150.0,32,3,566.58,0,2
4237,18151.0,135,2,653.35,0,2
4238,18154.0,3,2,399.19,0,2
4239,18155.0,75,3,371.62,0,2
4240,18156.0,13,2,734.94,0,2
4241,18158.0,9,2,453.4,0,2
4242,18159.0,301,1,530.15,1,1
4243,18160.0,57,2,638.0600000000001,0,2
4244,18161.0,15,5,1618.69,0,2
4245,18164.0,37,1,399.65000000000003,0,2
4246,18165.0,177,1,302.46000000000004,1,1
4247,18167.0,23,3,1384.8600000000001,0,2
4248,18168.0,176,6,1169.94,1,1
4249,18169.0,61,1,202.65,0,2
4250,18170.0,33,3,980.31,0,2
4251,18171.0,59,5,1231.31,0,2
4252,18172.0,15,20,7561.68,3,2
4253,18173.0,87,4,2106.84,0,2
4254,18174.0,7,1,104.0,0,2
4255,18176.0,358,1,476.35,1,1
4256,18177.0,31,6,1341.42,0,2
4257,18178.0,129,4,1590.81,0,2
4258,18179.0,9,6,1793.17,0,2
4259,18180.0,5,6,1843.75,0,2
4260,18181.0,24,1,382.8,0,2
4261,18183.0,227,2,632.07,1,1
4262,18184.0,15,1,49.8,0,2
4263,18185.0,249,1,304.25,1,1
4264,18188.0,15,3,2001.04,0,2
4265,18189.0,78,2,1090.24,0,2
4266,18190.0,192,2,284.46000000000004,1,1
4267,18191.0,262,1,207.79999999999998,1,1
4268,18192.0,72,1,957.97,0,2
4269,18193.0,165,1,243.76,1,2
4270,18194.0,82,1,973.8399999999999,0,2
4271,18196.0,95,2,689.13,0,2
4272,18198.0,4,17,5425.56,3,2
4273,18200.0,106,1,163.8,0,2
4274,18202.0,200,3,1396.99,1,1
4275,18203.0,157,1,160.42000000000002,1,2
4276,18204.0,71,3,1993.7,0,2
4277,18205.0,36,2,517.36,0,2
4278,18209.0,29,1,139.10000000000002,0,2
4279,18210.0,2,6,2621.38,0,2
4280,18211.0,26,5,600.07,0,2
4281,18212.0,326,1,248.42,1,1
4282,18213.0,237,1,232.48000000000002,1,1
4283,18215.0,89,1,299.34000000000003,0,2
4284,18216.0,31,1,481.75,0,2
4285,18217.0,29,2,621.75,0,2
4286,18218.0,211,2,662.08,1,1
4287,18219.0,3,10,2069.77,0,2
4288,18220.0,227,1,305.28000000000003,1,1
4289,18221.0,22,5,1041.61,0,2
4290,18222.0,93,1,443.0,0,2
4291,18223.0,5,14,6484.54,3,2
4292,18224.0,264,1,158.95000000000002,1,1
4293,18225.0,3,12,5509.12,0,2
4294,18226.0,44,11,5228.05,0,2
4295,18227.0,218,1,93.75,1,1
4296,18228.0,57,2,779.9,0,2
4297,18229.0,12,20,7276.900000000001,3,2
4298,18230.0,9,7,2810.2000000000003,0,2
4299,18231.0,192,5,2083.27,1,1
4300,18232.0,82,4,592.97,0,2
4301,18233.0,326,1,440.0,1,1
4302,18235.0,72,3,1796.48,0,2
4303,18236.0,30,6,882.24,0,2
4304,18237.0,3,5,987.1,0,2
4305,18239.0,219,5,1561.6100000000001,1,1
4306,18240.0,46,1,422.58,0,2
4307,18241.0,10,17,2073.09,3,2
4308,18242.0,72,4,2232.4900000000002,0,2
4309,18245.0,7,7,2567.06,0,2
4310,18246.0,24,2,596.1,0,2
4311,18248.0,123,2,804.02,0,2
4312,18249.0,17,1,95.34,0,2
4313,18250.0,310,1,349.27,1,1
4314,18251.0,87,1,4314.72,0,2
4315,18252.0,51,2,526.67,0,2
4316,18255.0,89,1,103.3,0,2
4317,18257.0,39,8,2337.63,0,2
4318,18259.0,25,3,2338.6000000000004,0,2
4319,18260.0,173,6,2643.2000000000003,1,1
4320,18261.0,43,2,324.24,0,2
4321,18262.0,140,1,149.48,0,2
4322,18263.0,26,3,1213.1599999999999,0,2
4323,18265.0,72,2,801.51,0,2
4324,18268.0,134,1,25.5,0,2
4325,18269.0,366,1,168.6,1,1
4326,18270.0,38,2,283.15,0,2
4327,18272.0,3,6,3078.58,0,2
4328,18273.0,2,3,204.0,0,2
4329,18274.0,30,1,175.92,0,2
4330,18276.0,44,1,335.86,0,2
4331,18277.0,58,1,110.38,0,2
4332,18278.0,74,1,173.9,0,2
4333,18280.0,278,1,180.60000000000002,1,1
4334,18281.0,181,1,80.82,1,1
4335,18282.0,8,2,178.05,0,2
4336,18283.0,4,16,2094.88,3,2
4337,18287.0,43,3,1837.28,0,2
